idCur;idAlu;idExm;nota
1;92001;1001;10
2;92002;1002;9
3;92003;1003;10
4;92004;1004;7
5;92005;1005;6
6;92006;1006;6
7;92007;1007;5
8;92008;1008;5
9;92009;1009;7
10;92010;1010;10
11;92011;1011;5
12;92012;1012;10
13;92013;1013;6
14;92014;1014;5
15;92015;1015;10
16;92016;1016;6
17;92017;1017;10
18;92018;1018;5
19;92019;1019;7
20;92020;1020;5
21;92021;1021;8
22;92022;1022;6
23;92023;1023;7
24;92024;1024;9
25;92025;1025;8
26;92026;1026;9
27;92027;1027;5
28;92028;1028;10
29;92029;1029;9
30;92030;1030;8
31;92031;1031;6
32;92032;1032;6
33;92033;1033;9
34;92034;1034;7
35;92035;1035;8
36;92036;1036;9
37;92037;1037;5
38;92038;1038;7
39;92039;1039;5
40;92040;1040;8
41;92041;1041;8
42;92042;1042;8
43;92043;1043;8
44;92044;1044;9
45;92045;1045;6
46;92046;1046;5
47;92047;1047;10
48;92048;1048;5
49;92049;1049;8
50;92050;1050;5
51;92051;1001;9
52;92052;1002;6
53;92053;1003;6
54;92054;1004;10
55;92055;1005;9
56;92056;1006;8
57;92057;1007;5
58;92058;1008;8
59;92059;1009;8
60;92060;1010;9
61;92061;1011;10
62;92062;1012;10
63;92063;1013;9
64;92064;1014;8
65;92065;1015;10
66;92066;1016;5
67;92067;1017;10
68;92068;1018;5
69;92069;1019;8
70;92070;1020;10
71;92071;1021;7
72;92072;1022;8
73;92073;1023;10
74;92074;1024;9
75;92075;1025;7
76;92076;1026;5
77;92077;1027;10
78;92078;1028;9
79;92079;1029;6
80;92080;1030;10
81;92081;1031;9
82;92082;1032;5
83;92083;1033;10
84;92084;1034;8
85;92085;1035;9
86;92086;1036;9
87;92087;1037;8
88;92088;1038;7
89;92089;1039;10
90;92090;1040;8
91;92091;1041;6
92;92092;1042;8
93;92093;1043;10
94;92094;1044;8
95;92095;1045;5
96;92096;1046;7
97;92097;1047;7
98;92098;1048;7
99;92099;1049;10
100;92100;1050;5
101;92101;1001;10
102;92102;1002;5
103;92103;1003;6
104;92104;1004;5
105;92105;1005;5
106;92106;1006;10
107;92107;1007;5
108;92108;1008;6
109;92109;1009;8
110;92110;1010;7
111;92111;1011;8
112;92112;1012;8
113;92113;1013;8
114;92114;1014;8
115;92115;1015;10
116;92116;1016;7
117;92117;1017;7
118;92118;1018;9
119;92119;1019;5
120;92120;1020;7
121;92121;1021;7
122;92122;1022;9
123;92123;1023;9
124;92124;1024;8
125;92125;1025;8
126;92126;1026;5
127;92127;1027;5
128;92128;1028;8
129;92129;1029;6
130;92130;1030;7
131;92131;1031;8
132;92132;1032;8
133;92133;1033;8
134;92134;1034;8
135;92135;1035;8
136;92136;1036;6
137;92137;1037;10
138;92138;1038;8
139;92139;1039;8
140;92140;1040;9
141;92141;1041;8
142;92142;1042;7
143;92143;1043;6
144;92144;1044;6
145;92145;1045;6
146;92146;1046;9
147;92147;1047;7
148;92148;1048;10
149;92149;1049;10
150;92150;1050;9
151;92151;1001;10
152;92152;1002;5
153;92153;1003;6
154;92154;1004;10
155;92155;1005;9
156;92156;1006;10
157;92157;1007;10
158;92158;1008;6
159;92159;1009;7
160;92160;1010;10
161;92161;1011;7
162;92162;1012;6
163;92163;1013;10
164;92164;1014;7
165;92165;1015;9
166;92166;1016;9
167;92167;1017;5
168;92168;1018;10
169;92169;1019;7
170;92170;1020;6
171;92171;1021;8
172;92172;1022;10
173;92173;1023;8
174;92174;1024;8
175;92175;1025;6
176;92176;1026;10
177;92177;1027;9
178;92178;1028;9
179;92179;1029;9
180;92180;1030;6
181;92181;1031;9
182;92182;1032;7
183;92183;1033;10
184;92184;1034;5
185;92185;1035;8
186;92186;1036;9
187;92187;1037;9
188;92188;1038;6
189;92189;1039;9
190;92190;1040;9
191;92191;1041;5
192;92192;1042;7
193;92193;1043;6
194;92194;1044;7
195;92195;1045;7
196;92196;1046;5
197;92197;1047;5
198;92198;1048;7
199;92199;1049;7
200;92200;1050;8
1;92201;1001;6
2;92202;1002;10
3;92203;1003;9
4;92204;1004;9
5;92205;1005;6
6;92206;1006;10
7;92207;1007;10
8;92208;1008;7
9;92209;1009;9
10;92210;1010;9
11;92211;1011;8
12;92212;1012;7
13;92213;1013;8
14;92214;1014;6
15;92215;1015;7
16;92216;1016;10
17;92217;1017;8
18;92218;1018;10
19;92219;1019;9
20;92220;1020;7
21;92221;1021;7
22;92222;1022;9
23;92223;1023;8
24;92224;1024;6
25;92225;1025;8
26;92226;1026;10
27;92227;1027;5
28;92228;1028;6
29;92229;1029;7
30;92230;1030;6
31;92231;1031;9
32;92232;1032;6
33;92233;1033;5
34;92234;1034;8
35;92235;1035;8
36;92236;1036;10
37;92237;1037;10
38;92238;1038;6
39;92239;1039;9
40;92240;1040;9
41;92241;1041;6
42;92242;1042;8
43;92243;1043;5
44;92244;1044;7
45;92245;1045;10
46;92246;1046;7
47;92247;1047;10
48;92248;1048;9
49;92249;1049;6
50;92250;1050;8
51;92251;1001;6
52;92252;1002;10
53;92253;1003;10
54;92254;1004;7
55;92255;1005;8
56;92256;1006;7
57;92257;1007;9
58;92258;1008;6
59;92259;1009;10
60;92260;1010;8
61;92261;1011;9
62;92262;1012;5
63;92263;1013;5
64;92264;1014;9
65;92265;1015;5
66;92266;1016;8
67;92267;1017;5
68;92268;1018;5
69;92269;1019;5
70;92270;1020;8
71;92271;1021;5
72;92272;1022;9
73;92273;1023;6
74;92274;1024;5
75;92275;1025;9
76;92276;1026;6
77;92277;1027;10
78;92278;1028;9
79;92279;1029;10
80;92280;1030;7
81;92281;1031;7
82;92282;1032;8
83;92283;1033;10
84;92284;1034;6
85;92285;1035;5
86;92286;1036;9
87;92287;1037;9
88;92288;1038;5
89;92289;1039;6
90;92290;1040;10
91;92291;1041;5
92;92292;1042;5
93;92293;1043;7
94;92294;1044;6
95;92295;1045;5
96;92296;1046;6
97;92297;1047;5
98;92298;1048;5
99;92299;1049;7
100;92300;1050;5
101;92301;1001;6
102;92302;1002;6
103;92303;1003;6
104;92304;1004;6
105;92305;1005;10
106;92306;1006;9
107;92307;1007;7
108;92308;1008;8
109;92309;1009;7
110;92310;1010;6
111;92311;1011;10
112;92312;1012;8
113;92313;1013;5
114;92314;1014;9
115;92315;1015;7
116;92316;1016;6
117;92317;1017;8
118;92318;1018;9
119;92319;1019;7
120;92320;1020;9
121;92321;1021;10
122;92322;1022;7
123;92323;1023;7
124;92324;1024;7
125;92325;1025;6
126;92326;1026;6
127;92327;1027;5
128;92328;1028;9
129;92329;1029;6
130;92330;1030;9
131;92331;1031;10
132;92332;1032;9
133;92333;1033;9
134;92334;1034;7
135;92335;1035;6
136;92336;1036;9
137;92337;1037;7
138;92338;1038;8
139;92339;1039;8
140;92340;1040;10
141;92341;1041;9
142;92342;1042;9
143;92343;1043;6
144;92344;1044;8
145;92345;1045;9
146;92346;1046;5
147;92347;1047;10
148;92348;1048;10
149;92349;1049;8
150;92350;1050;5
151;92351;1001;8
152;92352;1002;8
153;92353;1003;10
154;92354;1004;10
155;92355;1005;8
156;92356;1006;5
157;92357;1007;9
158;92358;1008;5
159;92359;1009;5
160;92360;1010;5
161;92361;1011;6
162;92362;1012;9
163;92363;1013;7
164;92364;1014;9
165;92365;1015;10
166;92366;1016;8
167;92367;1017;7
168;92368;1018;7
169;92369;1019;9
170;92370;1020;5
171;92371;1021;9
172;92372;1022;5
173;92373;1023;7
174;92374;1024;5
175;92375;1025;9
176;92376;1026;5
177;92377;1027;8
178;92378;1028;6
179;92379;1029;7
180;92380;1030;5
181;92381;1031;9
182;92382;1032;7
183;92383;1033;10
184;92384;1034;6
185;92385;1035;8
186;92386;1036;10
187;92387;1037;9
188;92388;1038;10
189;92389;1039;7
190;92390;1040;7
191;92391;1041;6
192;92392;1042;8
193;92393;1043;8
194;92394;1044;10
195;92395;1045;9
196;92396;1046;5
197;92397;1047;6
198;92398;1048;5
199;92399;1049;10
200;92400;1050;7
1;92401;1001;8
2;92402;1002;8
3;92403;1003;5
4;92404;1004;9
5;92405;1005;9
6;92406;1006;6
7;92407;1007;5
8;92408;1008;7
9;92409;1009;8
10;92410;1010;7
11;92411;1011;6
12;92412;1012;10
13;92413;1013;6
14;92414;1014;7
15;92415;1015;6
16;92416;1016;8
17;92417;1017;10
18;92418;1018;9
19;92419;1019;8
20;92420;1020;9
21;92421;1021;7
22;92422;1022;8
23;92423;1023;7
24;92424;1024;10
25;92425;1025;9
26;92426;1026;6
27;92427;1027;5
28;92428;1028;6
29;92429;1029;5
30;92430;1030;10
31;92431;1031;7
32;92432;1032;7
33;92433;1033;7
34;92434;1034;8
35;92435;1035;8
36;92436;1036;6
37;92437;1037;10
38;92438;1038;10
39;92439;1039;6
40;92440;1040;5
41;92441;1041;8
42;92442;1042;6
43;92443;1043;6
44;92444;1044;6
45;92445;1045;7
46;92446;1046;6
47;92447;1047;10
48;92448;1048;8
49;92449;1049;8
50;92450;1050;6
51;92451;1001;10
52;92452;1002;5
53;92453;1003;5
54;92454;1004;5
55;92455;1005;10
56;92456;1006;8
57;92457;1007;6
58;92458;1008;9
59;92459;1009;7
60;92460;1010;10
61;92461;1011;9
62;92462;1012;6
63;92463;1013;6
64;92464;1014;10
65;92465;1015;5
66;92466;1016;5
67;92467;1017;7
68;92468;1018;7
69;92469;1019;9
70;92470;1020;8
71;92471;1021;8
72;92472;1022;10
73;92473;1023;5
74;92474;1024;10
75;92475;1025;5
76;92476;1026;9
77;92477;1027;10
78;92478;1028;7
79;92479;1029;5
80;92480;1030;9
81;92481;1031;9
82;92482;1032;8
83;92483;1033;5
84;92484;1034;7
85;92485;1035;8
86;92486;1036;10
87;92487;1037;9
88;92488;1038;7
89;92489;1039;7
90;92490;1040;10
91;92491;1041;5
92;92492;1042;7
93;92493;1043;6
94;92494;1044;8
95;92495;1045;9
96;92496;1046;8
97;92497;1047;7
98;92498;1048;5
99;92499;1049;6
100;92500;1050;8
101;92501;1001;10
102;92502;1002;5
103;92503;1003;7
104;92504;1004;10
105;92505;1005;10
106;92506;1006;9
107;92507;1007;6
108;92508;1008;5
109;92509;1009;6
110;92510;1010;5
111;92511;1011;8
112;92512;1012;5
113;92513;1013;9
114;92514;1014;9
115;92515;1015;5
116;92516;1016;6
117;92517;1017;9
118;92518;1018;9
119;92519;1019;5
120;92520;1020;10
121;92521;1021;8
122;92522;1022;6
123;92523;1023;9
124;92524;1024;10
125;92525;1025;6
126;92526;1026;10
127;92527;1027;9
128;92528;1028;8
129;92529;1029;10
130;92530;1030;10
131;92531;1031;8
132;92532;1032;6
133;92533;1033;5
134;92534;1034;5
135;92535;1035;6
136;92536;1036;7
137;92537;1037;9
138;92538;1038;10
139;92539;1039;6
140;92540;1040;7
141;92541;1041;8
142;92542;1042;10
143;92543;1043;10
144;92544;1044;8
145;92545;1045;10
146;92546;1046;9
147;92547;1047;8
148;92548;1048;6
149;92549;1049;9
150;92550;1050;10
151;92551;1001;10
152;92552;1002;7
153;92553;1003;8
154;92554;1004;6
155;92555;1005;5
156;92556;1006;5
157;92557;1007;7
158;92558;1008;5
159;92559;1009;9
160;92560;1010;9
161;92561;1011;10
162;92562;1012;9
163;92563;1013;7
164;92564;1014;6
165;92565;1015;9
166;92566;1016;5
167;92567;1017;10
168;92568;1018;5
169;92569;1019;6
170;92570;1020;6
171;92571;1021;9
172;92572;1022;5
173;92573;1023;7
174;92574;1024;5
175;92575;1025;6
176;92576;1026;9
177;92577;1027;6
178;92578;1028;6
179;92579;1029;9
180;92580;1030;5
181;92581;1031;6
182;92582;1032;9
183;92583;1033;7
184;92584;1034;9
185;92585;1035;7
186;92586;1036;9
187;92587;1037;7
188;92588;1038;5
189;92589;1039;8
190;92590;1040;5
191;92591;1041;5
192;92592;1042;7
193;92593;1043;9
194;92594;1044;10
195;92595;1045;9
196;92596;1046;6
197;92597;1047;8
198;92598;1048;6
199;92599;1049;9
200;92600;1050;7
1;92601;1001;10
2;92602;1002;6
3;92603;1003;10
4;92604;1004;6
5;92605;1005;7
6;92606;1006;5
7;92607;1007;8
8;92608;1008;5
9;92609;1009;7
10;92610;1010;8
11;92611;1011;5
12;92612;1012;9
13;92613;1013;9
14;92614;1014;8
15;92615;1015;6
16;92616;1016;7
17;92617;1017;6
18;92618;1018;5
19;92619;1019;5
20;92620;1020;8
21;92621;1021;7
22;92622;1022;10
23;92623;1023;10
24;92624;1024;9
25;92625;1025;6
26;92626;1026;6
27;92627;1027;5
28;92628;1028;7
29;92629;1029;9
30;92630;1030;6
31;92631;1031;10
32;92632;1032;8
33;92633;1033;6
34;92634;1034;9
35;92635;1035;8
36;92636;1036;7
37;92637;1037;7
38;92638;1038;6
39;92639;1039;5
40;92640;1040;5
41;92641;1041;8
42;92642;1042;10
43;92643;1043;10
44;92644;1044;8
45;92645;1045;6
46;92646;1046;5
47;92647;1047;8
48;92648;1048;6
49;92649;1049;5
50;92650;1050;6
51;92651;1001;10
52;92652;1002;9
53;92653;1003;9
54;92654;1004;10
55;92655;1005;6
56;92656;1006;5
57;92657;1007;8
58;92658;1008;10
59;92659;1009;9
60;92660;1010;8
61;92661;1011;7
62;92662;1012;7
63;92663;1013;10
64;92664;1014;6
65;92665;1015;8
66;92666;1016;7
67;92667;1017;6
68;92668;1018;7
69;92669;1019;7
70;92670;1020;5
71;92671;1021;10
72;92672;1022;8
73;92673;1023;7
74;92674;1024;7
75;92675;1025;7
76;92676;1026;7
77;92677;1027;6
78;92678;1028;6
79;92679;1029;9
80;92680;1030;8
81;92681;1031;8
82;92682;1032;10
83;92683;1033;9
84;92684;1034;5
85;92685;1035;6
86;92686;1036;5
87;92687;1037;5
88;92688;1038;8
89;92689;1039;6
90;92690;1040;8
91;92691;1041;7
92;92692;1042;8
93;92693;1043;9
94;92694;1044;8
95;92695;1045;8
96;92696;1046;10
97;92697;1047;5
98;92698;1048;7
99;92699;1049;8
100;92700;1050;6
101;92701;1001;8
102;92702;1002;6
103;92703;1003;5
104;92704;1004;10
105;92705;1005;6
106;92706;1006;6
107;92707;1007;8
108;92708;1008;6
109;92709;1009;9
110;92710;1010;7
111;92711;1011;9
112;92712;1012;5
113;92713;1013;10
114;92714;1014;5
115;92715;1015;8
116;92716;1016;6
117;92717;1017;6
118;92718;1018;9
119;92719;1019;8
120;92720;1020;5
121;92721;1021;6
122;92722;1022;5
123;92723;1023;10
124;92724;1024;10
125;92725;1025;7
126;92726;1026;7
127;92727;1027;9
128;92728;1028;5
129;92729;1029;6
130;92730;1030;10
131;92731;1031;6
132;92732;1032;8
133;92733;1033;6
134;92734;1034;8
135;92735;1035;9
136;92736;1036;5
137;92737;1037;6
138;92738;1038;10
139;92739;1039;8
140;92740;1040;7
141;92741;1041;5
142;92742;1042;5
143;92743;1043;7
144;92744;1044;5
145;92745;1045;9
146;92746;1046;8
147;92747;1047;6
148;92748;1048;5
149;92749;1049;5
150;92750;1050;5
151;92751;1001;8
152;92752;1002;8
153;92753;1003;8
154;92754;1004;9
155;92755;1005;6
156;92756;1006;7
157;92757;1007;7
158;92758;1008;7
159;92759;1009;9
160;92760;1010;7
161;92761;1011;10
162;92762;1012;6
163;92763;1013;7
164;92764;1014;8
165;92765;1015;10
166;92766;1016;9
167;92767;1017;7
168;92768;1018;8
169;92769;1019;5
170;92770;1020;10
171;92771;1021;10
172;92772;1022;7
173;92773;1023;6
174;92774;1024;7
175;92775;1025;5
176;92776;1026;9
177;92777;1027;9
178;92778;1028;5
179;92779;1029;7
180;92780;1030;6
181;92781;1031;6
182;92782;1032;5
183;92783;1033;9
184;92784;1034;9
185;92785;1035;10
186;92786;1036;8
187;92787;1037;9
188;92788;1038;8
189;92789;1039;8
190;92790;1040;5
191;92791;1041;10
192;92792;1042;10
193;92793;1043;5
194;92794;1044;7
195;92795;1045;8
196;92796;1046;6
197;92797;1047;5
198;92798;1048;6
199;92799;1049;5
200;92800;1050;6
1;92801;1001;5
2;92802;1002;7
3;92803;1003;7
4;92804;1004;5
5;92805;1005;7
6;92806;1006;9
7;92807;1007;10
8;92808;1008;5
9;92809;1009;6
10;92810;1010;7
11;92811;1011;9
12;92812;1012;7
13;92813;1013;6
14;92814;1014;10
15;92815;1015;10
16;92816;1016;8
17;92817;1017;8
18;92818;1018;10
19;92819;1019;5
20;92820;1020;5
21;92821;1021;5
22;92822;1022;8
23;92823;1023;8
24;92824;1024;10
25;92825;1025;5
26;92826;1026;5
27;92827;1027;10
28;92828;1028;8
29;92829;1029;9
30;92830;1030;8
31;92831;1031;7
32;92832;1032;6
33;92833;1033;8
34;92834;1034;7
35;92835;1035;7
36;92836;1036;9
37;92837;1037;8
38;92838;1038;5
39;92839;1039;5
40;92840;1040;6
41;92841;1041;9
42;92842;1042;7
43;92843;1043;6
44;92844;1044;7
45;92845;1045;5
46;92846;1046;5
47;92847;1047;8
48;92848;1048;7
49;92849;1049;5
50;92850;1050;10
51;92851;1001;5
52;92852;1002;5
53;92853;1003;8
54;92854;1004;5
55;92855;1005;10
56;92856;1006;8
57;92857;1007;10
58;92858;1008;9
59;92859;1009;7
60;92860;1010;8
61;92861;1011;6
62;92862;1012;10
63;92863;1013;9
64;92864;1014;10
65;92865;1015;9
66;92866;1016;7
67;92867;1017;9
68;92868;1018;5
69;92869;1019;5
70;92870;1020;7
71;92871;1021;6
72;92872;1022;6
73;92873;1023;6
74;92874;1024;9
75;92875;1025;10
76;92876;1026;7
77;92877;1027;8
78;92878;1028;9
79;92879;1029;10
80;92880;1030;6
81;92881;1031;7
82;92882;1032;6
83;92883;1033;6
84;92884;1034;5
85;92885;1035;8
86;92886;1036;7
87;92887;1037;10
88;92888;1038;9
89;92889;1039;8
90;92890;1040;7
91;92891;1041;8
92;92892;1042;7
93;92893;1043;9
94;92894;1044;9
95;92895;1045;9
96;92896;1046;6
97;92897;1047;6
98;92898;1048;10
99;92899;1049;5
100;92900;1050;7
101;92901;1001;9
102;92902;1002;5
103;92903;1003;6
104;92904;1004;5
105;92905;1005;7
106;92906;1006;6
107;92907;1007;5
108;92908;1008;10
109;92909;1009;6
110;92910;1010;9
111;92911;1011;8
112;92912;1012;10
113;92913;1013;9
114;92914;1014;8
115;92915;1015;8
116;92916;1016;10
117;92917;1017;6
118;92918;1018;9
119;92919;1019;8
120;92920;1020;6
121;92921;1021;10
122;92922;1022;7
123;92923;1023;10
124;92924;1024;5
125;92925;1025;10
126;92926;1026;9
127;92927;1027;7
128;92928;1028;8
129;92929;1029;6
130;92930;1030;9
131;92931;1031;7
132;92932;1032;5
133;92933;1033;9
134;92934;1034;9
135;92935;1035;7
136;92936;1036;10
137;92937;1037;9
138;92938;1038;6
139;92939;1039;8
140;92940;1040;8
141;92941;1041;5
142;92942;1042;7
143;92943;1043;5
144;92944;1044;6
145;92945;1045;9
146;92946;1046;9
147;92947;1047;8
148;92948;1048;10
149;92949;1049;6
150;92950;1050;9
151;92951;1001;5
152;92952;1002;6
153;92953;1003;8
154;92954;1004;6
155;92955;1005;6
156;92956;1006;5
157;92957;1007;5
158;92958;1008;8
159;92959;1009;7
160;92960;1010;8
161;92961;1011;10
162;92962;1012;7
163;92963;1013;6
164;92964;1014;7
165;92965;1015;6
166;92966;1016;5
167;92967;1017;5
168;92968;1018;8
169;92969;1019;7
170;92970;1020;9
171;92971;1021;5
172;92972;1022;10
173;92973;1023;8
174;92974;1024;6
175;92975;1025;7
176;92976;1026;6
177;92977;1027;5
178;92978;1028;10
179;92979;1029;8
180;92980;1030;5
181;92981;1031;5
182;92982;1032;10
183;92983;1033;8
184;92984;1034;6
185;92985;1035;9
186;92986;1036;10
187;92987;1037;8
188;92988;1038;7
189;92989;1039;6
190;92990;1040;8
191;92991;1041;7
192;92992;1042;7
193;92993;1043;6
194;92994;1044;5
195;92995;1045;8
196;92996;1046;9
197;92997;1047;9
198;92998;1048;6
199;92999;1049;7
200;93000;1050;10
1;93001;1001;7
2;93002;1002;6
3;93003;1003;10
4;93004;1004;5
5;93005;1005;8
6;93006;1006;8
7;93007;1007;8
8;93008;1008;10
9;93009;1009;6
10;93010;1010;7
11;93011;1011;9
12;93012;1012;6
13;93013;1013;5
14;93014;1014;5
15;93015;1015;6
16;93016;1016;9
17;93017;1017;10
18;93018;1018;9
19;93019;1019;9
20;93020;1020;8
21;93021;1021;6
22;93022;1022;8
23;93023;1023;10
24;93024;1024;6
25;93025;1025;7
26;93026;1026;5
27;93027;1027;5
28;93028;1028;6
29;93029;1029;10
30;93030;1030;8
31;93031;1031;9
32;93032;1032;7
33;93033;1033;7
34;93034;1034;6
35;93035;1035;10
36;93036;1036;6
37;93037;1037;5
38;93038;1038;5
39;93039;1039;8
40;93040;1040;7
41;93041;1041;6
42;93042;1042;9
43;93043;1043;6
44;93044;1044;5
45;93045;1045;5
46;93046;1046;9
47;93047;1047;7
48;93048;1048;6
49;93049;1049;7
50;93050;1050;8
51;93051;1001;7
52;93052;1002;7
53;93053;1003;8
54;93054;1004;6
55;93055;1005;9
56;93056;1006;9
57;93057;1007;7
58;93058;1008;7
59;93059;1009;8
60;93060;1010;7
61;93061;1011;8
62;93062;1012;5
63;93063;1013;5
64;93064;1014;7
65;93065;1015;10
66;93066;1016;9
67;93067;1017;8
68;93068;1018;6
69;93069;1019;9
70;93070;1020;7
71;93071;1021;9
72;93072;1022;7
73;93073;1023;8
74;93074;1024;10
75;93075;1025;7
76;93076;1026;7
77;93077;1027;7
78;93078;1028;8
79;93079;1029;10
80;93080;1030;9
81;93081;1031;10
82;93082;1032;8
83;93083;1033;10
84;93084;1034;8
85;93085;1035;7
86;93086;1036;9
87;93087;1037;6
88;93088;1038;7
89;93089;1039;9
90;93090;1040;8
91;93091;1041;7
92;93092;1042;9
93;93093;1043;9
94;93094;1044;5
95;93095;1045;6
96;93096;1046;6
97;93097;1047;7
98;93098;1048;8
99;93099;1049;8
100;93100;1050;5
101;93101;1001;5
102;93102;1002;10
103;93103;1003;10
104;93104;1004;6
105;93105;1005;6
106;93106;1006;10
107;93107;1007;6
108;93108;1008;9
109;93109;1009;6
110;93110;1010;6
111;93111;1011;9
112;93112;1012;7
113;93113;1013;8
114;93114;1014;7
115;93115;1015;6
116;93116;1016;9
117;93117;1017;5
118;93118;1018;9
119;93119;1019;5
120;93120;1020;7
121;93121;1021;8
122;93122;1022;10
123;93123;1023;9
124;93124;1024;5
125;93125;1025;5
126;93126;1026;6
127;93127;1027;7
128;93128;1028;7
129;93129;1029;6
130;93130;1030;9
131;93131;1031;8
132;93132;1032;6
133;93133;1033;7
134;93134;1034;6
135;93135;1035;7
136;93136;1036;6
137;93137;1037;8
138;93138;1038;9
139;93139;1039;6
140;93140;1040;7
141;93141;1041;7
142;93142;1042;6
143;93143;1043;7
144;93144;1044;8
145;93145;1045;9
146;93146;1046;9
147;93147;1047;6
148;93148;1048;6
149;93149;1049;6
150;93150;1050;9
151;93151;1001;5
152;93152;1002;9
153;93153;1003;10
154;93154;1004;7
155;93155;1005;10
156;93156;1006;5
157;93157;1007;7
158;93158;1008;10
159;93159;1009;5
160;93160;1010;6
161;93161;1011;7
162;93162;1012;7
163;93163;1013;9
164;93164;1014;8
165;93165;1015;5
166;93166;1016;6
167;93167;1017;6
168;93168;1018;5
169;93169;1019;9
170;93170;1020;6
171;93171;1021;10
172;93172;1022;10
173;93173;1023;5
174;93174;1024;5
175;93175;1025;10
176;93176;1026;8
177;93177;1027;10
178;93178;1028;9
179;93179;1029;5
180;93180;1030;9
181;93181;1031;10
182;93182;1032;7
183;93183;1033;5
184;93184;1034;7
185;93185;1035;10
186;93186;1036;6
187;93187;1037;8
188;93188;1038;5
189;93189;1039;8
190;93190;1040;9
191;93191;1041;7
192;93192;1042;5
193;93193;1043;6
194;93194;1044;5
195;93195;1045;10
196;93196;1046;8
197;93197;1047;8
198;93198;1048;10
199;93199;1049;6
200;93200;1050;8
1;93201;1001;8
2;93202;1002;10
3;93203;1003;7
4;93204;1004;7
5;93205;1005;6
6;93206;1006;8
7;93207;1007;6
8;93208;1008;8
9;93209;1009;10
10;93210;1010;5
11;93211;1011;10
12;93212;1012;8
13;93213;1013;7
14;93214;1014;5
15;93215;1015;10
16;93216;1016;5
17;93217;1017;7
18;93218;1018;6
19;93219;1019;6
20;93220;1020;8
21;93221;1021;9
22;93222;1022;5
23;93223;1023;10
24;93224;1024;9
25;93225;1025;9
26;93226;1026;5
27;93227;1027;7
28;93228;1028;5
29;93229;1029;7
30;93230;1030;9
31;93231;1031;5
32;93232;1032;6
33;93233;1033;8
34;93234;1034;10
35;93235;1035;9
36;93236;1036;9
37;93237;1037;6
38;93238;1038;10
39;93239;1039;6
40;93240;1040;8
41;93241;1041;5
42;93242;1042;8
43;93243;1043;10
44;93244;1044;6
45;93245;1045;9
46;93246;1046;8
47;93247;1047;5
48;93248;1048;7
49;93249;1049;7
50;93250;1050;10
51;93251;1001;9
52;93252;1002;6
53;93253;1003;8
54;93254;1004;9
55;93255;1005;6
56;93256;1006;9
57;93257;1007;7
58;93258;1008;8
59;93259;1009;10
60;93260;1010;9
61;93261;1011;8
62;93262;1012;8
63;93263;1013;8
64;93264;1014;9
65;93265;1015;6
66;93266;1016;9
67;93267;1017;8
68;93268;1018;9
69;93269;1019;5
70;93270;1020;10
71;93271;1021;10
72;93272;1022;8
73;93273;1023;10
74;93274;1024;6
75;93275;1025;5
76;93276;1026;10
77;93277;1027;6
78;93278;1028;7
79;93279;1029;6
80;93280;1030;5
81;93281;1031;8
82;93282;1032;7
83;93283;1033;10
84;93284;1034;6
85;93285;1035;6
86;93286;1036;10
87;93287;1037;7
88;93288;1038;10
89;93289;1039;9
90;93290;1040;10
91;93291;1041;5
92;93292;1042;6
93;93293;1043;8
94;93294;1044;10
95;93295;1045;7
96;93296;1046;7
97;93297;1047;8
98;93298;1048;9
99;93299;1049;7
100;93300;1050;9
101;93301;1001;6
102;93302;1002;5
103;93303;1003;6
104;93304;1004;5
105;93305;1005;10
106;93306;1006;6
107;93307;1007;6
108;93308;1008;6
109;93309;1009;8
110;93310;1010;8
111;93311;1011;6
112;93312;1012;5
113;93313;1013;9
114;93314;1014;8
115;93315;1015;7
116;93316;1016;7
117;93317;1017;9
118;93318;1018;7
119;93319;1019;10
120;93320;1020;10
121;93321;1021;5
122;93322;1022;7
123;93323;1023;6
124;93324;1024;10
125;93325;1025;7
126;93326;1026;10
127;93327;1027;8
128;93328;1028;9
129;93329;1029;10
130;93330;1030;8
131;93331;1031;10
132;93332;1032;6
133;93333;1033;6
134;93334;1034;5
135;93335;1035;10
136;93336;1036;10
137;93337;1037;6
138;93338;1038;7
139;93339;1039;6
140;93340;1040;6
141;93341;1041;10
142;93342;1042;6
143;93343;1043;9
144;93344;1044;9
145;93345;1045;5
146;93346;1046;9
147;93347;1047;9
148;93348;1048;7
149;93349;1049;8
150;93350;1050;7
151;93351;1001;8
152;93352;1002;5
153;93353;1003;5
154;93354;1004;9
155;93355;1005;8
156;93356;1006;5
157;93357;1007;8
158;93358;1008;8
159;93359;1009;7
160;93360;1010;10
161;93361;1011;7
162;93362;1012;10
163;93363;1013;10
164;93364;1014;9
165;93365;1015;10
166;93366;1016;6
167;93367;1017;5
168;93368;1018;8
169;93369;1019;10
170;93370;1020;8
171;93371;1021;8
172;93372;1022;8
173;93373;1023;6
174;93374;1024;10
175;93375;1025;10
176;93376;1026;6
177;93377;1027;8
178;93378;1028;6
179;93379;1029;8
180;93380;1030;8
181;93381;1031;10
182;93382;1032;10
183;93383;1033;5
184;93384;1034;9
185;93385;1035;6
186;93386;1036;10
187;93387;1037;6
188;93388;1038;6
189;93389;1039;6
190;93390;1040;9
191;93391;1041;10
192;93392;1042;7
193;93393;1043;5
194;93394;1044;10
195;93395;1045;9
196;93396;1046;7
197;93397;1047;10
198;93398;1048;5
199;93399;1049;9
200;93400;1050;9
1;93401;1001;10
2;93402;1002;7
3;93403;1003;8
4;93404;1004;8
5;93405;1005;10
6;93406;1006;10
7;93407;1007;9
8;93408;1008;5
9;93409;1009;5
10;93410;1010;9
11;93411;1011;6
12;93412;1012;5
13;93413;1013;8
14;93414;1014;8
15;93415;1015;10
16;93416;1016;5
17;93417;1017;6
18;93418;1018;7
19;93419;1019;6
20;93420;1020;8
21;93421;1021;8
22;93422;1022;6
23;93423;1023;9
24;93424;1024;6
25;93425;1025;7
26;93426;1026;7
27;93427;1027;5
28;93428;1028;7
29;93429;1029;5
30;93430;1030;6
31;93431;1031;6
32;93432;1032;10
33;93433;1033;7
34;93434;1034;7
35;93435;1035;6
36;93436;1036;7
37;93437;1037;7
38;93438;1038;7
39;93439;1039;8
40;93440;1040;7
41;93441;1041;8
42;93442;1042;10
43;93443;1043;7
44;93444;1044;6
45;93445;1045;8
46;93446;1046;6
47;93447;1047;9
48;93448;1048;10
49;93449;1049;9
50;93450;1050;6
51;93451;1001;6
52;93452;1002;7
53;93453;1003;5
54;93454;1004;8
55;93455;1005;9
56;93456;1006;6
57;93457;1007;7
58;93458;1008;5
59;93459;1009;5
60;93460;1010;10
61;93461;1011;10
62;93462;1012;5
63;93463;1013;7
64;93464;1014;8
65;93465;1015;9
66;93466;1016;10
67;93467;1017;5
68;93468;1018;6
69;93469;1019;5
70;93470;1020;9
71;93471;1021;9
72;93472;1022;6
73;93473;1023;9
74;93474;1024;5
75;93475;1025;10
76;93476;1026;5
77;93477;1027;6
78;93478;1028;10
79;93479;1029;7
80;93480;1030;10
81;93481;1031;10
82;93482;1032;6
83;93483;1033;5
84;93484;1034;8
85;93485;1035;6
86;93486;1036;10
87;93487;1037;9
88;93488;1038;9
89;93489;1039;5
90;93490;1040;10
91;93491;1041;7
92;93492;1042;7
93;93493;1043;8
94;93494;1044;9
95;93495;1045;10
96;93496;1046;5
97;93497;1047;7
98;93498;1048;5
99;93499;1049;8
100;93500;1050;9
101;93501;1001;6
102;93502;1002;8
103;93503;1003;7
104;93504;1004;9
105;93505;1005;6
106;93506;1006;6
107;93507;1007;10
108;93508;1008;6
109;93509;1009;5
110;93510;1010;10
111;93511;1011;9
112;93512;1012;10
113;93513;1013;7
114;93514;1014;9
115;93515;1015;8
116;93516;1016;5
117;93517;1017;10
118;93518;1018;8
119;93519;1019;8
120;93520;1020;8
121;93521;1021;10
122;93522;1022;5
123;93523;1023;10
124;93524;1024;6
125;93525;1025;7
126;93526;1026;6
127;93527;1027;9
128;93528;1028;5
129;93529;1029;6
130;93530;1030;6
131;93531;1031;8
132;93532;1032;8
133;93533;1033;8
134;93534;1034;8
135;93535;1035;5
136;93536;1036;10
137;93537;1037;6
138;93538;1038;7
139;93539;1039;5
140;93540;1040;10
141;93541;1041;8
142;93542;1042;10
143;93543;1043;10
144;93544;1044;9
145;93545;1045;9
146;93546;1046;5
147;93547;1047;6
148;93548;1048;6
149;93549;1049;6
150;93550;1050;5
151;93551;1001;9
152;93552;1002;10
153;93553;1003;8
154;93554;1004;10
155;93555;1005;6
156;93556;1006;7
157;93557;1007;9
158;93558;1008;5
159;93559;1009;10
160;93560;1010;6
161;93561;1011;6
162;93562;1012;9
163;93563;1013;5
164;93564;1014;6
165;93565;1015;6
166;93566;1016;5
167;93567;1017;7
168;93568;1018;6
169;93569;1019;8
170;93570;1020;7
171;93571;1021;6
172;93572;1022;6
173;93573;1023;6
174;93574;1024;8
175;93575;1025;8
176;93576;1026;7
177;93577;1027;5
178;93578;1028;6
179;93579;1029;7
180;93580;1030;7
181;93581;1031;6
182;93582;1032;5
183;93583;1033;8
184;93584;1034;7
185;93585;1035;8
186;93586;1036;9
187;93587;1037;5
188;93588;1038;8
189;93589;1039;10
190;93590;1040;10
191;93591;1041;6
192;93592;1042;6
193;93593;1043;9
194;93594;1044;6
195;93595;1045;6
196;93596;1046;5
197;93597;1047;8
198;93598;1048;7
199;93599;1049;7
200;93600;1050;8
1;93601;1001;5
2;93602;1002;8
3;93603;1003;9
4;93604;1004;10
5;93605;1005;7
6;93606;1006;9
7;93607;1007;8
8;93608;1008;5
9;93609;1009;7
10;93610;1010;6
11;93611;1011;5
12;93612;1012;10
13;93613;1013;5
14;93614;1014;6
15;93615;1015;8
16;93616;1016;5
17;93617;1017;8
18;93618;1018;10
19;93619;1019;5
20;93620;1020;5
21;93621;1021;9
22;93622;1022;7
23;93623;1023;10
24;93624;1024;6
25;93625;1025;8
26;93626;1026;7
27;93627;1027;5
28;93628;1028;10
29;93629;1029;5
30;93630;1030;5
31;93631;1031;5
32;93632;1032;5
33;93633;1033;5
34;93634;1034;10
35;93635;1035;5
36;93636;1036;8
37;93637;1037;9
38;93638;1038;9
39;93639;1039;6
40;93640;1040;7
41;93641;1041;7
42;93642;1042;5
43;93643;1043;7
44;93644;1044;10
45;93645;1045;9
46;93646;1046;5
47;93647;1047;9
48;93648;1048;6
49;93649;1049;5
50;93650;1050;6
51;93651;1001;10
52;93652;1002;7
53;93653;1003;5
54;93654;1004;6
55;93655;1005;6
56;93656;1006;7
57;93657;1007;10
58;93658;1008;6
59;93659;1009;10
60;93660;1010;9
61;93661;1011;7
62;93662;1012;7
63;93663;1013;10
64;93664;1014;5
65;93665;1015;9
66;93666;1016;7
67;93667;1017;7
68;93668;1018;8
69;93669;1019;8
70;93670;1020;10
71;93671;1021;7
72;93672;1022;7
73;93673;1023;6
74;93674;1024;7
75;93675;1025;7
76;93676;1026;9
77;93677;1027;9
78;93678;1028;5
79;93679;1029;7
80;93680;1030;6
81;93681;1031;7
82;93682;1032;5
83;93683;1033;5
84;93684;1034;8
85;93685;1035;9
86;93686;1036;7
87;93687;1037;7
88;93688;1038;8
89;93689;1039;6
90;93690;1040;8
91;93691;1041;7
92;93692;1042;9
93;93693;1043;6
94;93694;1044;10
95;93695;1045;10
96;93696;1046;7
97;93697;1047;9
98;93698;1048;5
99;93699;1049;6
100;93700;1050;6
101;93701;1001;5
102;93702;1002;5
103;93703;1003;9
104;93704;1004;7
105;93705;1005;8
106;93706;1006;5
107;93707;1007;10
108;93708;1008;9
109;93709;1009;6
110;93710;1010;9
111;93711;1011;6
112;93712;1012;8
113;93713;1013;7
114;93714;1014;6
115;93715;1015;10
116;93716;1016;6
117;93717;1017;8
118;93718;1018;10
119;93719;1019;5
120;93720;1020;6
121;93721;1021;7
122;93722;1022;10
123;93723;1023;8
124;93724;1024;7
125;93725;1025;10
126;93726;1026;9
127;93727;1027;7
128;93728;1028;5
129;93729;1029;6
130;93730;1030;8
131;93731;1031;10
132;93732;1032;9
133;93733;1033;9
134;93734;1034;9
135;93735;1035;7
136;93736;1036;5
137;93737;1037;7
138;93738;1038;6
139;93739;1039;7
140;93740;1040;7
141;93741;1041;5
142;93742;1042;6
143;93743;1043;8
144;93744;1044;10
145;93745;1045;9
146;93746;1046;5
147;93747;1047;8
148;93748;1048;7
149;93749;1049;6
150;93750;1050;10
151;93751;1001;6
152;93752;1002;8
153;93753;1003;8
154;93754;1004;5
155;93755;1005;5
156;93756;1006;7
157;93757;1007;6
158;93758;1008;10
159;93759;1009;8
160;93760;1010;5
161;93761;1011;6
162;93762;1012;5
163;93763;1013;6
164;93764;1014;8
165;93765;1015;6
166;93766;1016;5
167;93767;1017;5
168;93768;1018;6
169;93769;1019;7
170;93770;1020;10
171;93771;1021;9
172;93772;1022;7
173;93773;1023;8
174;93774;1024;8
175;93775;1025;6
176;93776;1026;6
177;93777;1027;10
178;93778;1028;8
179;93779;1029;10
180;93780;1030;6
181;93781;1031;7
182;93782;1032;9
183;93783;1033;8
184;93784;1034;6
185;93785;1035;9
186;93786;1036;8
187;93787;1037;8
188;93788;1038;5
189;93789;1039;10
190;93790;1040;9
191;93791;1041;6
192;93792;1042;9
193;93793;1043;10
194;93794;1044;5
195;93795;1045;5
196;93796;1046;9
197;93797;1047;9
198;93798;1048;10
199;93799;1049;5
200;93800;1050;7
1;93801;1001;6
2;93802;1002;7
3;93803;1003;10
4;93804;1004;9
5;93805;1005;7
6;93806;1006;7
7;93807;1007;5
8;93808;1008;7
9;93809;1009;6
10;93810;1010;8
11;93811;1011;10
12;93812;1012;9
13;93813;1013;7
14;93814;1014;9
15;93815;1015;6
16;93816;1016;8
17;93817;1017;6
18;93818;1018;6
19;93819;1019;9
20;93820;1020;8
21;93821;1021;9
22;93822;1022;9
23;93823;1023;9
24;93824;1024;5
25;93825;1025;10
26;93826;1026;9
27;93827;1027;9
28;93828;1028;7
29;93829;1029;10
30;93830;1030;7
31;93831;1031;10
32;93832;1032;6
33;93833;1033;5
34;93834;1034;9
35;93835;1035;6
36;93836;1036;8
37;93837;1037;6
38;93838;1038;7
39;93839;1039;6
40;93840;1040;7
41;93841;1041;6
42;93842;1042;7
43;93843;1043;7
44;93844;1044;5
45;93845;1045;7
46;93846;1046;10
47;93847;1047;10
48;93848;1048;10
49;93849;1049;9
50;93850;1050;9
51;93851;1001;9
52;93852;1002;5
53;93853;1003;10
54;93854;1004;5
55;93855;1005;5
56;93856;1006;7
57;93857;1007;9
58;93858;1008;6
59;93859;1009;9
60;93860;1010;6
61;93861;1011;6
62;93862;1012;8
63;93863;1013;9
64;93864;1014;10
65;93865;1015;5
66;93866;1016;6
67;93867;1017;9
68;93868;1018;6
69;93869;1019;6
70;93870;1020;8
71;93871;1021;10
72;93872;1022;9
73;93873;1023;10
74;93874;1024;9
75;93875;1025;5
76;93876;1026;5
77;93877;1027;10
78;93878;1028;9
79;93879;1029;9
80;93880;1030;10
81;93881;1031;10
82;93882;1032;7
83;93883;1033;7
84;93884;1034;8
85;93885;1035;8
86;93886;1036;10
87;93887;1037;7
88;93888;1038;9
89;93889;1039;6
90;93890;1040;7
91;93891;1041;9
92;93892;1042;5
93;93893;1043;8
94;93894;1044;8
95;93895;1045;10
96;93896;1046;6
97;93897;1047;10
98;93898;1048;9
99;93899;1049;9
100;93900;1050;6
101;93901;1001;7
102;93902;1002;8
103;93903;1003;8
104;93904;1004;9
105;93905;1005;6
106;93906;1006;6
107;93907;1007;7
108;93908;1008;5
109;93909;1009;5
110;93910;1010;8
111;93911;1011;9
112;93912;1012;7
113;93913;1013;6
114;93914;1014;10
115;93915;1015;7
116;93916;1016;8
117;93917;1017;6
118;93918;1018;7
119;93919;1019;10
120;93920;1020;6
121;93921;1021;7
122;93922;1022;5
123;93923;1023;6
124;93924;1024;10
125;93925;1025;9
126;93926;1026;7
127;93927;1027;6
128;93928;1028;7
129;93929;1029;9
130;93930;1030;7
131;93931;1031;9
132;93932;1032;10
133;93933;1033;5
134;93934;1034;5
135;93935;1035;9
136;93936;1036;5
137;93937;1037;5
138;93938;1038;5
139;93939;1039;7
140;93940;1040;7
141;93941;1041;9
142;93942;1042;9
143;93943;1043;6
144;93944;1044;8
145;93945;1045;7
146;93946;1046;7
147;93947;1047;10
148;93948;1048;9
149;93949;1049;10
150;93950;1050;7
151;93951;1001;5
152;93952;1002;9
153;93953;1003;7
154;93954;1004;9
155;93955;1005;7
156;93956;1006;6
157;93957;1007;6
158;93958;1008;6
159;93959;1009;9
160;93960;1010;5
161;93961;1011;10
162;93962;1012;9
163;93963;1013;6
164;93964;1014;8
165;93965;1015;7
166;93966;1016;6
167;93967;1017;7
168;93968;1018;5
169;93969;1019;7
170;93970;1020;6
171;93971;1021;10
172;93972;1022;5
173;93973;1023;8
174;93974;1024;9
175;93975;1025;9
176;93976;1026;7
177;93977;1027;6
178;93978;1028;9
179;93979;1029;8
180;93980;1030;10
181;93981;1031;10
182;93982;1032;9
183;93983;1033;5
184;93984;1034;8
185;93985;1035;5
186;93986;1036;10
187;93987;1037;7
188;93988;1038;5
189;93989;1039;9
190;93990;1040;8
191;93991;1041;10
192;93992;1042;9
193;93993;1043;5
194;93994;1044;5
195;93995;1045;7
196;93996;1046;5
197;93997;1047;10
198;93998;1048;7
199;93999;1049;9
200;94000;1050;8
1;94001;1001;9
2;94002;1002;9
3;94003;1003;6
4;94004;1004;5
5;94005;1005;10
6;94006;1006;8
7;94007;1007;6
8;94008;1008;9
9;94009;1009;5
10;94010;1010;9
11;94011;1011;6
12;94012;1012;5
13;94013;1013;7
14;94014;1014;6
15;94015;1015;8
16;94016;1016;6
17;94017;1017;8
18;94018;1018;10
19;94019;1019;5
20;94020;1020;10
21;94021;1021;7
22;94022;1022;10
23;94023;1023;7
24;94024;1024;7
25;94025;1025;7
26;94026;1026;9
27;94027;1027;7
28;94028;1028;10
29;94029;1029;10
30;94030;1030;6
31;94031;1031;5
32;94032;1032;6
33;94033;1033;9
34;94034;1034;10
35;94035;1035;10
36;94036;1036;5
37;94037;1037;9
38;94038;1038;10
39;94039;1039;7
40;94040;1040;8
41;94041;1041;10
42;94042;1042;10
43;94043;1043;5
44;94044;1044;8
45;94045;1045;6
46;94046;1046;7
47;94047;1047;5
48;94048;1048;10
49;94049;1049;9
50;94050;1050;5
51;94051;1001;7
52;94052;1002;9
53;94053;1003;5
54;94054;1004;10
55;94055;1005;9
56;94056;1006;7
57;94057;1007;10
58;94058;1008;6
59;94059;1009;10
60;94060;1010;7
61;94061;1011;8
62;94062;1012;9
63;94063;1013;7
64;94064;1014;10
65;94065;1015;10
66;94066;1016;10
67;94067;1017;6
68;94068;1018;9
69;94069;1019;7
70;94070;1020;8
71;94071;1021;7
72;94072;1022;6
73;94073;1023;5
74;94074;1024;5
75;94075;1025;8
76;94076;1026;6
77;94077;1027;8
78;94078;1028;6
79;94079;1029;5
80;94080;1030;9
81;94081;1031;5
82;94082;1032;10
83;94083;1033;6
84;94084;1034;6
85;94085;1035;6
86;94086;1036;7
87;94087;1037;9
88;94088;1038;6
89;94089;1039;6
90;94090;1040;5
91;94091;1041;10
92;94092;1042;10
93;94093;1043;8
94;94094;1044;7
95;94095;1045;5
96;94096;1046;5
97;94097;1047;9
98;94098;1048;6
99;94099;1049;9
100;94100;1050;10
101;94101;1001;8
102;94102;1002;6
103;94103;1003;10
104;94104;1004;7
105;94105;1005;6
106;94106;1006;5
107;94107;1007;8
108;94108;1008;8
109;94109;1009;10
110;94110;1010;6
111;94111;1011;5
112;94112;1012;7
113;94113;1013;10
114;94114;1014;9
115;94115;1015;8
116;94116;1016;8
117;94117;1017;5
118;94118;1018;8
119;94119;1019;5
120;94120;1020;8
121;94121;1021;9
122;94122;1022;5
123;94123;1023;8
124;94124;1024;5
125;94125;1025;7
126;94126;1026;6
127;94127;1027;10
128;94128;1028;8
129;94129;1029;6
130;94130;1030;10
131;94131;1031;8
132;94132;1032;9
133;94133;1033;5
134;94134;1034;7
135;94135;1035;8
136;94136;1036;8
137;94137;1037;9
138;94138;1038;10
139;94139;1039;5
140;94140;1040;8
141;94141;1041;6
142;94142;1042;8
143;94143;1043;8
144;94144;1044;7
145;94145;1045;7
146;94146;1046;6
147;94147;1047;7
148;94148;1048;5
149;94149;1049;10
150;94150;1050;7
151;94151;1001;9
152;94152;1002;7
153;94153;1003;9
154;94154;1004;8
155;94155;1005;8
156;94156;1006;6
157;94157;1007;9
158;94158;1008;7
159;94159;1009;6
160;94160;1010;7
161;94161;1011;8
162;94162;1012;7
163;94163;1013;7
164;94164;1014;9
165;94165;1015;7
166;94166;1016;7
167;94167;1017;7
168;94168;1018;6
169;94169;1019;5
170;94170;1020;5
171;94171;1021;10
172;94172;1022;6
173;94173;1023;10
174;94174;1024;8
175;94175;1025;8
176;94176;1026;8
177;94177;1027;7
178;94178;1028;7
179;94179;1029;8
180;94180;1030;9
181;94181;1031;10
182;94182;1032;9
183;94183;1033;8
184;94184;1034;9
185;94185;1035;9
186;94186;1036;6
187;94187;1037;6
188;94188;1038;10
189;94189;1039;6
190;94190;1040;7
191;94191;1041;6
192;94192;1042;7
193;94193;1043;7
194;94194;1044;9
195;94195;1045;8
196;94196;1046;7
197;94197;1047;9
198;94198;1048;7
199;94199;1049;5
200;94200;1050;7
1;94201;1001;9
2;94202;1002;8
3;94203;1003;10
4;94204;1004;8
5;94205;1005;8
6;94206;1006;6
7;94207;1007;5
8;94208;1008;5
9;94209;1009;10
10;94210;1010;5
11;94211;1011;8
12;94212;1012;5
13;94213;1013;7
14;94214;1014;9
15;94215;1015;6
16;94216;1016;6
17;94217;1017;5
18;94218;1018;5
19;94219;1019;10
20;94220;1020;5
21;94221;1021;10
22;94222;1022;5
23;94223;1023;5
24;94224;1024;10
25;94225;1025;5
26;94226;1026;6
27;94227;1027;5
28;94228;1028;6
29;94229;1029;9
30;94230;1030;5
31;94231;1031;6
32;94232;1032;5
33;94233;1033;9
34;94234;1034;7
35;94235;1035;5
36;94236;1036;5
37;94237;1037;10
38;94238;1038;7
39;94239;1039;5
40;94240;1040;8
41;94241;1041;8
42;94242;1042;6
43;94243;1043;5
44;94244;1044;7
45;94245;1045;9
46;94246;1046;6
47;94247;1047;8
48;94248;1048;10
49;94249;1049;5
50;94250;1050;7
51;94251;1001;6
52;94252;1002;5
53;94253;1003;7
54;94254;1004;10
55;94255;1005;8
56;94256;1006;6
57;94257;1007;10
58;94258;1008;10
59;94259;1009;9
60;94260;1010;7
61;94261;1011;7
62;94262;1012;5
63;94263;1013;10
64;94264;1014;5
65;94265;1015;5
66;94266;1016;10
67;94267;1017;9
68;94268;1018;8
69;94269;1019;9
70;94270;1020;7
71;94271;1021;9
72;94272;1022;10
73;94273;1023;6
74;94274;1024;5
75;94275;1025;9
76;94276;1026;8
77;94277;1027;7
78;94278;1028;10
79;94279;1029;6
80;94280;1030;5
81;94281;1031;6
82;94282;1032;7
83;94283;1033;9
84;94284;1034;10
85;94285;1035;8
86;94286;1036;6
87;94287;1037;10
88;94288;1038;7
89;94289;1039;8
90;94290;1040;5
91;94291;1041;7
92;94292;1042;6
93;94293;1043;6
94;94294;1044;8
95;94295;1045;6
96;94296;1046;6
97;94297;1047;5
98;94298;1048;5
99;94299;1049;5
100;94300;1050;8
101;94301;1001;9
102;94302;1002;6
103;94303;1003;10
104;94304;1004;8
105;94305;1005;7
106;94306;1006;7
107;94307;1007;9
108;94308;1008;9
109;94309;1009;8
110;94310;1010;9
111;94311;1011;8
112;94312;1012;5
113;94313;1013;8
114;94314;1014;10
115;94315;1015;6
116;94316;1016;9
117;94317;1017;8
118;94318;1018;5
119;94319;1019;6
120;94320;1020;7
121;94321;1021;7
122;94322;1022;6
123;94323;1023;6
124;94324;1024;5
125;94325;1025;7
126;94326;1026;10
127;94327;1027;9
128;94328;1028;8
129;94329;1029;10
130;94330;1030;8
131;94331;1031;5
132;94332;1032;7
133;94333;1033;8
134;94334;1034;10
135;94335;1035;9
136;94336;1036;9
137;94337;1037;8
138;94338;1038;10
139;94339;1039;7
140;94340;1040;6
141;94341;1041;6
142;94342;1042;6
143;94343;1043;9
144;94344;1044;10
145;94345;1045;5
146;94346;1046;6
147;94347;1047;10
148;94348;1048;10
149;94349;1049;5
150;94350;1050;8
151;94351;1001;6
152;94352;1002;5
153;94353;1003;8
154;94354;1004;9
155;94355;1005;7
156;94356;1006;6
157;94357;1007;8
158;94358;1008;9
159;94359;1009;7
160;94360;1010;6
161;94361;1011;5
162;94362;1012;7
163;94363;1013;5
164;94364;1014;7
165;94365;1015;9
166;94366;1016;10
167;94367;1017;6
168;94368;1018;7
169;94369;1019;7
170;94370;1020;7
171;94371;1021;6
172;94372;1022;8
173;94373;1023;9
174;94374;1024;9
175;94375;1025;5
176;94376;1026;8
177;94377;1027;5
178;94378;1028;10
179;94379;1029;7
180;94380;1030;10
181;94381;1031;9
182;94382;1032;9
183;94383;1033;8
184;94384;1034;5
185;94385;1035;8
186;94386;1036;6
187;94387;1037;10
188;94388;1038;5
189;94389;1039;5
190;94390;1040;9
191;94391;1041;7
192;94392;1042;6
193;94393;1043;10
194;94394;1044;7
195;94395;1045;10
196;94396;1046;10
197;94397;1047;10
198;94398;1048;6
199;94399;1049;9
200;94400;1050;7
1;94401;1001;7
2;94402;1002;7
3;94403;1003;7
4;94404;1004;9
5;94405;1005;5
6;94406;1006;9
7;94407;1007;8
8;94408;1008;10
9;94409;1009;7
10;94410;1010;9
11;94411;1011;9
12;94412;1012;10
13;94413;1013;9
14;94414;1014;10
15;94415;1015;5
16;94416;1016;5
17;94417;1017;6
18;94418;1018;6
19;94419;1019;10
20;94420;1020;7
21;94421;1021;5
22;94422;1022;7
23;94423;1023;6
24;94424;1024;6
25;94425;1025;5
26;94426;1026;8
27;94427;1027;9
28;94428;1028;9
29;94429;1029;7
30;94430;1030;9
31;94431;1031;9
32;94432;1032;7
33;94433;1033;6
34;94434;1034;5
35;94435;1035;10
36;94436;1036;6
37;94437;1037;5
38;94438;1038;6
39;94439;1039;5
40;94440;1040;10
41;94441;1041;10
42;94442;1042;6
43;94443;1043;9
44;94444;1044;9
45;94445;1045;8
46;94446;1046;6
47;94447;1047;9
48;94448;1048;10
49;94449;1049;9
50;94450;1050;9
51;94451;1001;5
52;94452;1002;10
53;94453;1003;5
54;94454;1004;8
55;94455;1005;8
56;94456;1006;5
57;94457;1007;8
58;94458;1008;7
59;94459;1009;10
60;94460;1010;10
61;94461;1011;6
62;94462;1012;5
63;94463;1013;8
64;94464;1014;8
65;94465;1015;6
66;94466;1016;6
67;94467;1017;9
68;94468;1018;5
69;94469;1019;7
70;94470;1020;6
71;94471;1021;6
72;94472;1022;5
73;94473;1023;8
74;94474;1024;7
75;94475;1025;9
76;94476;1026;9
77;94477;1027;6
78;94478;1028;7
79;94479;1029;10
80;94480;1030;10
81;94481;1031;7
82;94482;1032;7
83;94483;1033;6
84;94484;1034;10
85;94485;1035;7
86;94486;1036;9
87;94487;1037;5
88;94488;1038;10
89;94489;1039;10
90;94490;1040;8
91;94491;1041;5
92;94492;1042;6
93;94493;1043;9
94;94494;1044;7
95;94495;1045;10
96;94496;1046;6
97;94497;1047;5
98;94498;1048;8
99;94499;1049;7
100;94500;1050;8
101;94501;1001;5
102;94502;1002;5
103;94503;1003;7
104;94504;1004;8
105;94505;1005;6
106;94506;1006;10
107;94507;1007;10
108;94508;1008;7
109;94509;1009;6
110;94510;1010;8
111;94511;1011;10
112;94512;1012;5
113;94513;1013;5
114;94514;1014;6
115;94515;1015;9
116;94516;1016;5
117;94517;1017;5
118;94518;1018;5
119;94519;1019;7
120;94520;1020;6
121;94521;1021;6
122;94522;1022;7
123;94523;1023;6
124;94524;1024;10
125;94525;1025;6
126;94526;1026;10
127;94527;1027;9
128;94528;1028;6
129;94529;1029;9
130;94530;1030;8
131;94531;1031;7
132;94532;1032;8
133;94533;1033;9
134;94534;1034;6
135;94535;1035;10
136;94536;1036;6
137;94537;1037;5
138;94538;1038;9
139;94539;1039;5
140;94540;1040;8
141;94541;1041;9
142;94542;1042;6
143;94543;1043;7
144;94544;1044;7
145;94545;1045;9
146;94546;1046;10
147;94547;1047;10
148;94548;1048;6
149;94549;1049;5
150;94550;1050;8
151;94551;1001;10
152;94552;1002;8
153;94553;1003;10
154;94554;1004;9
155;94555;1005;5
156;94556;1006;9
157;94557;1007;6
158;94558;1008;5
159;94559;1009;7
160;94560;1010;10
161;94561;1011;7
162;94562;1012;5
163;94563;1013;8
164;94564;1014;5
165;94565;1015;8
166;94566;1016;9
167;94567;1017;7
168;94568;1018;9
169;94569;1019;6
170;94570;1020;10
171;94571;1021;8
172;94572;1022;8
173;94573;1023;10
174;94574;1024;8
175;94575;1025;10
176;94576;1026;5
177;94577;1027;8
178;94578;1028;6
179;94579;1029;8
180;94580;1030;7
181;94581;1031;5
182;94582;1032;8
183;94583;1033;9
184;94584;1034;9
185;94585;1035;9
186;94586;1036;9
187;94587;1037;8
188;94588;1038;10
189;94589;1039;7
190;94590;1040;9
191;94591;1041;6
192;94592;1042;5
193;94593;1043;5
194;94594;1044;8
195;94595;1045;5
196;94596;1046;9
197;94597;1047;6
198;94598;1048;8
199;94599;1049;5
200;94600;1050;10
1;94601;1001;10
2;94602;1002;9
3;94603;1003;10
4;94604;1004;9
5;94605;1005;10
6;94606;1006;7
7;94607;1007;8
8;94608;1008;6
9;94609;1009;10
10;94610;1010;5
11;94611;1011;9
12;94612;1012;9
13;94613;1013;8
14;94614;1014;7
15;94615;1015;8
16;94616;1016;5
17;94617;1017;10
18;94618;1018;6
19;94619;1019;9
20;94620;1020;6
21;94621;1021;7
22;94622;1022;5
23;94623;1023;9
24;94624;1024;5
25;94625;1025;10
26;94626;1026;6
27;94627;1027;6
28;94628;1028;7
29;94629;1029;5
30;94630;1030;9
31;94631;1031;10
32;94632;1032;7
33;94633;1033;9
34;94634;1034;7
35;94635;1035;9
36;94636;1036;6
37;94637;1037;10
38;94638;1038;5
39;94639;1039;10
40;94640;1040;6
41;94641;1041;6
42;94642;1042;6
43;94643;1043;10
44;94644;1044;8
45;94645;1045;8
46;94646;1046;9
47;94647;1047;5
48;94648;1048;9
49;94649;1049;9
50;94650;1050;6
51;94651;1001;6
52;94652;1002;7
53;94653;1003;5
54;94654;1004;10
55;94655;1005;5
56;94656;1006;7
57;94657;1007;10
58;94658;1008;5
59;94659;1009;10
60;94660;1010;6
61;94661;1011;7
62;94662;1012;5
63;94663;1013;5
64;94664;1014;5
65;94665;1015;7
66;94666;1016;6
67;94667;1017;5
68;94668;1018;6
69;94669;1019;8
70;94670;1020;10
71;94671;1021;7
72;94672;1022;8
73;94673;1023;7
74;94674;1024;6
75;94675;1025;7
76;94676;1026;9
77;94677;1027;6
78;94678;1028;7
79;94679;1029;7
80;94680;1030;6
81;94681;1031;9
82;94682;1032;6
83;94683;1033;10
84;94684;1034;7
85;94685;1035;9
86;94686;1036;9
87;94687;1037;8
88;94688;1038;10
89;94689;1039;5
90;94690;1040;6
91;94691;1041;6
92;94692;1042;7
93;94693;1043;7
94;94694;1044;8
95;94695;1045;5
96;94696;1046;5
97;94697;1047;5
98;94698;1048;10
99;94699;1049;10
100;94700;1050;8
101;94701;1001;9
102;94702;1002;7
103;94703;1003;8
104;94704;1004;5
105;94705;1005;5
106;94706;1006;6
107;94707;1007;9
108;94708;1008;7
109;94709;1009;9
110;94710;1010;8
111;94711;1011;5
112;94712;1012;6
113;94713;1013;9
114;94714;1014;7
115;94715;1015;7
116;94716;1016;9
117;94717;1017;6
118;94718;1018;8
119;94719;1019;6
120;94720;1020;5
121;94721;1021;6
122;94722;1022;10
123;94723;1023;6
124;94724;1024;7
125;94725;1025;9
126;94726;1026;8
127;94727;1027;9
128;94728;1028;9
129;94729;1029;5
130;94730;1030;6
131;94731;1031;9
132;94732;1032;7
133;94733;1033;6
134;94734;1034;8
135;94735;1035;6
136;94736;1036;9
137;94737;1037;7
138;94738;1038;10
139;94739;1039;7
140;94740;1040;9
141;94741;1041;5
142;94742;1042;10
143;94743;1043;6
144;94744;1044;5
145;94745;1045;6
146;94746;1046;5
147;94747;1047;10
148;94748;1048;7
149;94749;1049;6
150;94750;1050;9
151;94751;1001;5
152;94752;1002;9
153;94753;1003;9
154;94754;1004;10
155;94755;1005;8
156;94756;1006;10
157;94757;1007;5
158;94758;1008;9
159;94759;1009;7
160;94760;1010;8
161;94761;1011;10
162;94762;1012;9
163;94763;1013;8
164;94764;1014;9
165;94765;1015;8
166;94766;1016;6
167;94767;1017;8
168;94768;1018;6
169;94769;1019;8
170;94770;1020;5
171;94771;1021;7
172;94772;1022;10
173;94773;1023;8
174;94774;1024;8
175;94775;1025;6
176;94776;1026;8
177;94777;1027;7
178;94778;1028;5
179;94779;1029;9
180;94780;1030;6
181;94781;1031;8
182;94782;1032;5
183;94783;1033;5
184;94784;1034;10
185;94785;1035;7
186;94786;1036;8
187;94787;1037;9
188;94788;1038;9
189;94789;1039;6
190;94790;1040;6
191;94791;1041;6
192;94792;1042;5
193;94793;1043;5
194;94794;1044;5
195;94795;1045;10
196;94796;1046;7
197;94797;1047;6
198;94798;1048;9
199;94799;1049;5
200;94800;1050;10
1;94801;1001;7
2;94802;1002;5
3;94803;1003;5
4;94804;1004;10
5;94805;1005;9
6;94806;1006;6
7;94807;1007;8
8;94808;1008;8
9;94809;1009;9
10;94810;1010;7
11;94811;1011;7
12;94812;1012;5
13;94813;1013;9
14;94814;1014;9
15;94815;1015;8
16;94816;1016;5
17;94817;1017;8
18;94818;1018;8
19;94819;1019;6
20;94820;1020;5
21;94821;1021;7
22;94822;1022;7
23;94823;1023;10
24;94824;1024;10
25;94825;1025;9
26;94826;1026;7
27;94827;1027;7
28;94828;1028;7
29;94829;1029;9
30;94830;1030;8
31;94831;1031;5
32;94832;1032;6
33;94833;1033;10
34;94834;1034;6
35;94835;1035;8
36;94836;1036;8
37;94837;1037;6
38;94838;1038;5
39;94839;1039;7
40;94840;1040;7
41;94841;1041;5
42;94842;1042;8
43;94843;1043;8
44;94844;1044;6
45;94845;1045;8
46;94846;1046;6
47;94847;1047;8
48;94848;1048;9
49;94849;1049;5
50;94850;1050;8
51;94851;1001;9
52;94852;1002;9
53;94853;1003;7
54;94854;1004;10
55;94855;1005;10
56;94856;1006;8
57;94857;1007;9
58;94858;1008;5
59;94859;1009;10
60;94860;1010;5
61;94861;1011;10
62;94862;1012;8
63;94863;1013;6
64;94864;1014;7
65;94865;1015;7
66;94866;1016;9
67;94867;1017;6
68;94868;1018;5
69;94869;1019;5
70;94870;1020;8
71;94871;1021;7
72;94872;1022;9
73;94873;1023;5
74;94874;1024;8
75;94875;1025;9
76;94876;1026;5
77;94877;1027;6
78;94878;1028;8
79;94879;1029;9
80;94880;1030;5
81;94881;1031;10
82;94882;1032;5
83;94883;1033;8
84;94884;1034;10
85;94885;1035;5
86;94886;1036;7
87;94887;1037;5
88;94888;1038;8
89;94889;1039;8
90;94890;1040;10
91;94891;1041;10
92;94892;1042;7
93;94893;1043;9
94;94894;1044;6
95;94895;1045;6
96;94896;1046;5
97;94897;1047;7
98;94898;1048;7
99;94899;1049;9
100;94900;1050;10
101;94901;1001;6
102;94902;1002;9
103;94903;1003;7
104;94904;1004;8
105;94905;1005;6
106;94906;1006;5
107;94907;1007;6
108;94908;1008;9
109;94909;1009;7
110;94910;1010;8
111;94911;1011;5
112;94912;1012;9
113;94913;1013;6
114;94914;1014;7
115;94915;1015;8
116;94916;1016;9
117;94917;1017;5
118;94918;1018;9
119;94919;1019;6
120;94920;1020;10
121;94921;1021;7
122;94922;1022;7
123;94923;1023;7
124;94924;1024;5
125;94925;1025;7
126;94926;1026;7
127;94927;1027;5
128;94928;1028;5
129;94929;1029;6
130;94930;1030;6
131;94931;1031;9
132;94932;1032;10
133;94933;1033;8
134;94934;1034;7
135;94935;1035;10
136;94936;1036;9
137;94937;1037;5
138;94938;1038;5
139;94939;1039;6
140;94940;1040;7
141;94941;1041;7
142;94942;1042;10
143;94943;1043;8
144;94944;1044;9
145;94945;1045;6
146;94946;1046;6
147;94947;1047;10
148;94948;1048;10
149;94949;1049;10
150;94950;1050;9
151;94951;1001;7
152;94952;1002;7
153;94953;1003;8
154;94954;1004;9
155;94955;1005;6
156;94956;1006;9
157;94957;1007;7
158;94958;1008;6
159;94959;1009;10
160;94960;1010;7
161;94961;1011;7
162;94962;1012;9
163;94963;1013;7
164;94964;1014;8
165;94965;1015;10
166;94966;1016;5
167;94967;1017;9
168;94968;1018;10
169;94969;1019;5
170;94970;1020;6
171;94971;1021;9
172;94972;1022;5
173;94973;1023;9
174;94974;1024;5
175;94975;1025;8
176;94976;1026;8
177;94977;1027;10
178;94978;1028;6
179;94979;1029;5
180;94980;1030;7
181;94981;1031;7
182;94982;1032;10
183;94983;1033;8
184;94984;1034;6
185;94985;1035;7
186;94986;1036;8
187;94987;1037;7
188;94988;1038;8
189;94989;1039;9
190;94990;1040;6
191;94991;1041;9
192;94992;1042;9
193;94993;1043;9
194;94994;1044;10
195;94995;1045;10
196;94996;1046;6
197;94997;1047;10
198;94998;1048;6
199;94999;1049;10
200;95000;1050;9
1;95001;1001;8
2;95002;1002;7
3;95003;1003;5
4;95004;1004;6
5;95005;1005;10
6;95006;1006;6
7;95007;1007;10
8;95008;1008;8
9;95009;1009;5
10;95010;1010;6
11;95011;1011;6
12;95012;1012;9
13;95013;1013;8
14;95014;1014;5
15;95015;1015;7
16;95016;1016;9
17;95017;1017;5
18;95018;1018;10
19;95019;1019;9
20;95020;1020;7
21;95021;1021;8
22;95022;1022;8
23;95023;1023;5
24;95024;1024;9
25;95025;1025;9
26;95026;1026;9
27;95027;1027;5
28;95028;1028;7
29;95029;1029;9
30;95030;1030;9
31;95031;1031;5
32;95032;1032;9
33;95033;1033;6
34;95034;1034;10
35;95035;1035;6
36;95036;1036;8
37;95037;1037;5
38;95038;1038;6
39;95039;1039;7
40;95040;1040;7
41;95041;1041;8
42;95042;1042;10
43;95043;1043;6
44;95044;1044;7
45;95045;1045;7
46;95046;1046;10
47;95047;1047;10
48;95048;1048;6
49;95049;1049;5
50;95050;1050;10
51;95051;1001;6
52;95052;1002;10
53;95053;1003;6
54;95054;1004;10
55;95055;1005;9
56;95056;1006;8
57;95057;1007;10
58;95058;1008;9
59;95059;1009;7
60;95060;1010;10
61;95061;1011;8
62;95062;1012;8
63;95063;1013;10
64;95064;1014;10
65;95065;1015;7
66;95066;1016;7
67;95067;1017;6
68;95068;1018;6
69;95069;1019;10
70;95070;1020;5
71;95071;1021;6
72;95072;1022;6
73;95073;1023;7
74;95074;1024;9
75;95075;1025;9
76;95076;1026;10
77;95077;1027;7
78;95078;1028;8
79;95079;1029;5
80;95080;1030;6
81;95081;1031;10
82;95082;1032;5
83;95083;1033;7
84;95084;1034;7
85;95085;1035;7
86;95086;1036;8
87;95087;1037;8
88;95088;1038;9
89;95089;1039;5
90;95090;1040;9
91;95091;1041;9
92;95092;1042;5
93;95093;1043;9
94;95094;1044;9
95;95095;1045;5
96;95096;1046;5
97;95097;1047;5
98;95098;1048;5
99;95099;1049;5
100;95100;1050;9
101;95101;1001;6
102;95102;1002;5
103;95103;1003;6
104;95104;1004;6
105;95105;1005;9
106;95106;1006;7
107;95107;1007;10
108;95108;1008;5
109;95109;1009;6
110;95110;1010;7
111;95111;1011;8
112;95112;1012;6
113;95113;1013;9
114;95114;1014;10
115;95115;1015;10
116;95116;1016;8
117;95117;1017;6
118;95118;1018;9
119;95119;1019;9
120;95120;1020;10
121;95121;1021;10
122;95122;1022;5
123;95123;1023;5
124;95124;1024;7
125;95125;1025;10
126;95126;1026;9
127;95127;1027;7
128;95128;1028;9
129;95129;1029;9
130;95130;1030;6
131;95131;1031;8
132;95132;1032;9
133;95133;1033;5
134;95134;1034;5
135;95135;1035;10
136;95136;1036;7
137;95137;1037;10
138;95138;1038;10
139;95139;1039;7
140;95140;1040;9
141;95141;1041;7
142;95142;1042;10
143;95143;1043;7
144;95144;1044;10
145;95145;1045;8
146;95146;1046;5
147;95147;1047;8
148;95148;1048;6
149;95149;1049;7
150;95150;1050;7
151;95151;1001;7
152;95152;1002;8
153;95153;1003;5
154;95154;1004;6
155;95155;1005;8
156;95156;1006;10
157;95157;1007;7
158;95158;1008;10
159;95159;1009;6
160;95160;1010;7
161;95161;1011;8
162;95162;1012;5
163;95163;1013;9
164;95164;1014;5
165;95165;1015;6
166;95166;1016;5
167;95167;1017;9
168;95168;1018;6
169;95169;1019;10
170;95170;1020;6
171;95171;1021;8
172;95172;1022;7
173;95173;1023;10
174;95174;1024;6
175;95175;1025;7
176;95176;1026;5
177;95177;1027;7
178;95178;1028;9
179;95179;1029;10
180;95180;1030;6
181;95181;1031;6
182;95182;1032;7
183;95183;1033;8
184;95184;1034;7
185;95185;1035;10
186;95186;1036;8
187;95187;1037;10
188;95188;1038;6
189;95189;1039;5
190;95190;1040;9
191;95191;1041;10
192;95192;1042;9
193;95193;1043;7
194;95194;1044;7
195;95195;1045;5
196;95196;1046;8
197;95197;1047;7
198;95198;1048;7
199;95199;1049;6
200;95200;1050;5
1;95201;1001;5
2;95202;1002;6
3;95203;1003;6
4;95204;1004;6
5;95205;1005;6
6;95206;1006;7
7;95207;1007;10
8;95208;1008;7
9;95209;1009;6
10;95210;1010;10
11;95211;1011;6
12;95212;1012;7
13;95213;1013;6
14;95214;1014;9
15;95215;1015;5
16;95216;1016;6
17;95217;1017;6
18;95218;1018;10
19;95219;1019;8
20;95220;1020;10
21;95221;1021;7
22;95222;1022;10
23;95223;1023;5
24;95224;1024;8
25;95225;1025;9
26;95226;1026;10
27;95227;1027;7
28;95228;1028;5
29;95229;1029;5
30;95230;1030;8
31;95231;1031;10
32;95232;1032;7
33;95233;1033;5
34;95234;1034;9
35;95235;1035;5
36;95236;1036;7
37;95237;1037;5
38;95238;1038;10
39;95239;1039;10
40;95240;1040;8
41;95241;1041;8
42;95242;1042;10
43;95243;1043;9
44;95244;1044;6
45;95245;1045;7
46;95246;1046;5
47;95247;1047;7
48;95248;1048;10
49;95249;1049;9
50;95250;1050;5
51;95251;1001;6
52;95252;1002;7
53;95253;1003;5
54;95254;1004;10
55;95255;1005;10
56;95256;1006;9
57;95257;1007;8
58;95258;1008;10
59;95259;1009;7
60;95260;1010;7
61;95261;1011;7
62;95262;1012;8
63;95263;1013;5
64;95264;1014;10
65;95265;1015;5
66;95266;1016;9
67;95267;1017;6
68;95268;1018;10
69;95269;1019;7
70;95270;1020;7
71;95271;1021;10
72;95272;1022;7
73;95273;1023;8
74;95274;1024;5
75;95275;1025;6
76;95276;1026;8
77;95277;1027;7
78;95278;1028;10
79;95279;1029;10
80;95280;1030;5
81;95281;1031;8
82;95282;1032;9
83;95283;1033;7
84;95284;1034;7
85;95285;1035;5
86;95286;1036;5
87;95287;1037;10
88;95288;1038;10
89;95289;1039;6
90;95290;1040;5
91;95291;1041;7
92;95292;1042;6
93;95293;1043;6
94;95294;1044;5
95;95295;1045;10
96;95296;1046;7
97;95297;1047;9
98;95298;1048;9
99;95299;1049;9
100;95300;1050;7
101;95301;1001;5
102;95302;1002;8
103;95303;1003;7
104;95304;1004;7
105;95305;1005;9
106;95306;1006;7
107;95307;1007;5
108;95308;1008;9
109;95309;1009;10
110;95310;1010;6
111;95311;1011;9
112;95312;1012;5
113;95313;1013;8
114;95314;1014;6
115;95315;1015;6
116;95316;1016;10
117;95317;1017;7
118;95318;1018;5
119;95319;1019;5
120;95320;1020;6
121;95321;1021;9
122;95322;1022;7
123;95323;1023;5
124;95324;1024;10
125;95325;1025;5
126;95326;1026;10
127;95327;1027;6
128;95328;1028;6
129;95329;1029;10
130;95330;1030;7
131;95331;1031;7
132;95332;1032;9
133;95333;1033;10
134;95334;1034;5
135;95335;1035;5
136;95336;1036;6
137;95337;1037;8
138;95338;1038;6
139;95339;1039;7
140;95340;1040;6
141;95341;1041;5
142;95342;1042;7
143;95343;1043;5
144;95344;1044;9
145;95345;1045;10
146;95346;1046;7
147;95347;1047;7
148;95348;1048;10
149;95349;1049;10
150;95350;1050;6
151;95351;1001;8
152;95352;1002;9
153;95353;1003;8
154;95354;1004;6
155;95355;1005;6
156;95356;1006;10
157;95357;1007;9
158;95358;1008;7
159;95359;1009;6
160;95360;1010;8
161;95361;1011;6
162;95362;1012;9
163;95363;1013;8
164;95364;1014;10
165;95365;1015;6
166;95366;1016;10
167;95367;1017;5
168;95368;1018;6
169;95369;1019;6
170;95370;1020;5
171;95371;1021;8
172;95372;1022;7
173;95373;1023;6
174;95374;1024;6
175;95375;1025;9
176;95376;1026;9
177;95377;1027;10
178;95378;1028;8
179;95379;1029;7
180;95380;1030;7
181;95381;1031;9
182;95382;1032;10
183;95383;1033;10
184;95384;1034;6
185;95385;1035;9
186;95386;1036;10
187;95387;1037;8
188;95388;1038;7
189;95389;1039;10
190;95390;1040;8
191;95391;1041;9
192;95392;1042;10
193;95393;1043;7
194;95394;1044;9
195;95395;1045;6
196;95396;1046;5
197;95397;1047;7
198;95398;1048;10
199;95399;1049;5
200;95400;1050;9
1;95401;1001;8
2;95402;1002;10
3;95403;1003;8
4;95404;1004;5
5;95405;1005;9
6;95406;1006;7
7;95407;1007;6
8;95408;1008;9
9;95409;1009;7
10;95410;1010;9
11;95411;1011;9
12;95412;1012;7
13;95413;1013;5
14;95414;1014;7
15;95415;1015;6
16;95416;1016;6
17;95417;1017;9
18;95418;1018;10
19;95419;1019;6
20;95420;1020;10
21;95421;1021;9
22;95422;1022;8
23;95423;1023;8
24;95424;1024;5
25;95425;1025;9
26;95426;1026;10
27;95427;1027;7
28;95428;1028;10
29;95429;1029;10
30;95430;1030;7
31;95431;1031;6
32;95432;1032;7
33;95433;1033;10
34;95434;1034;5
35;95435;1035;5
36;95436;1036;6
37;95437;1037;10
38;95438;1038;8
39;95439;1039;5
40;95440;1040;6
41;95441;1041;5
42;95442;1042;10
43;95443;1043;8
44;95444;1044;10
45;95445;1045;7
46;95446;1046;10
47;95447;1047;5
48;95448;1048;6
49;95449;1049;9
50;95450;1050;6
51;95451;1001;7
52;95452;1002;6
53;95453;1003;9
54;95454;1004;6
55;95455;1005;5
56;95456;1006;8
57;95457;1007;9
58;95458;1008;5
59;95459;1009;7
60;95460;1010;7
61;95461;1011;10
62;95462;1012;9
63;95463;1013;7
64;95464;1014;6
65;95465;1015;5
66;95466;1016;10
67;95467;1017;8
68;95468;1018;8
69;95469;1019;9
70;95470;1020;10
71;95471;1021;9
72;95472;1022;8
73;95473;1023;7
74;95474;1024;8
75;95475;1025;8
76;95476;1026;6
77;95477;1027;5
78;95478;1028;6
79;95479;1029;6
80;95480;1030;5
81;95481;1031;5
82;95482;1032;5
83;95483;1033;8
84;95484;1034;10
85;95485;1035;9
86;95486;1036;10
87;95487;1037;7
88;95488;1038;7
89;95489;1039;10
90;95490;1040;10
91;95491;1041;5
92;95492;1042;6
93;95493;1043;7
94;95494;1044;10
95;95495;1045;6
96;95496;1046;8
97;95497;1047;6
98;95498;1048;7
99;95499;1049;10
100;95500;1050;9
101;95501;1001;7
102;95502;1002;6
103;95503;1003;5
104;95504;1004;8
105;95505;1005;9
106;95506;1006;5
107;95507;1007;5
108;95508;1008;5
109;95509;1009;10
110;95510;1010;9
111;95511;1011;10
112;95512;1012;9
113;95513;1013;6
114;95514;1014;9
115;95515;1015;6
116;95516;1016;7
117;95517;1017;8
118;95518;1018;5
119;95519;1019;7
120;95520;1020;8
121;95521;1021;6
122;95522;1022;7
123;95523;1023;9
124;95524;1024;7
125;95525;1025;9
126;95526;1026;5
127;95527;1027;8
128;95528;1028;10
129;95529;1029;8
130;95530;1030;10
131;95531;1031;10
132;95532;1032;7
133;95533;1033;8
134;95534;1034;10
135;95535;1035;9
136;95536;1036;7
137;95537;1037;6
138;95538;1038;5
139;95539;1039;9
140;95540;1040;5
141;95541;1041;6
142;95542;1042;8
143;95543;1043;8
144;95544;1044;7
145;95545;1045;5
146;95546;1046;7
147;95547;1047;6
148;95548;1048;10
149;95549;1049;8
150;95550;1050;6
151;95551;1001;10
152;95552;1002;5
153;95553;1003;9
154;95554;1004;9
155;95555;1005;5
156;95556;1006;8
157;95557;1007;9
158;95558;1008;7
159;95559;1009;7
160;95560;1010;9
161;95561;1011;7
162;95562;1012;6
163;95563;1013;7
164;95564;1014;6
165;95565;1015;8
166;95566;1016;9
167;95567;1017;6
168;95568;1018;9
169;95569;1019;9
170;95570;1020;5
171;95571;1021;10
172;95572;1022;10
173;95573;1023;6
174;95574;1024;6
175;95575;1025;10
176;95576;1026;8
177;95577;1027;5
178;95578;1028;8
179;95579;1029;7
180;95580;1030;10
181;95581;1031;7
182;95582;1032;10
183;95583;1033;8
184;95584;1034;8
185;95585;1035;5
186;95586;1036;9
187;95587;1037;7
188;95588;1038;9
189;95589;1039;6
190;95590;1040;8
191;95591;1041;6
192;95592;1042;8
193;95593;1043;5
194;95594;1044;8
195;95595;1045;6
196;95596;1046;7
197;95597;1047;6
198;95598;1048;5
199;95599;1049;9
200;95600;1050;8
1;95601;1001;7
2;95602;1002;10
3;95603;1003;9
4;95604;1004;6
5;95605;1005;5
6;95606;1006;9
7;95607;1007;8
8;95608;1008;8
9;95609;1009;6
10;95610;1010;10
11;95611;1011;9
12;95612;1012;7
13;95613;1013;5
14;95614;1014;8
15;95615;1015;9
16;95616;1016;8
17;95617;1017;8
18;95618;1018;6
19;95619;1019;6
20;95620;1020;6
21;95621;1021;5
22;95622;1022;9
23;95623;1023;6
24;95624;1024;5
25;95625;1025;9
26;95626;1026;9
27;95627;1027;5
28;95628;1028;9
29;95629;1029;9
30;95630;1030;7
31;95631;1031;5
32;95632;1032;6
33;95633;1033;7
34;95634;1034;5
35;95635;1035;10
36;95636;1036;6
37;95637;1037;7
38;95638;1038;10
39;95639;1039;7
40;95640;1040;8
41;95641;1041;5
42;95642;1042;9
43;95643;1043;9
44;95644;1044;5
45;95645;1045;8
46;95646;1046;6
47;95647;1047;5
48;95648;1048;10
49;95649;1049;9
50;95650;1050;10
51;95651;1001;7
52;95652;1002;7
53;95653;1003;10
54;95654;1004;8
55;95655;1005;9
56;95656;1006;10
57;95657;1007;6
58;95658;1008;6
59;95659;1009;6
60;95660;1010;5
61;95661;1011;8
62;95662;1012;6
63;95663;1013;10
64;95664;1014;5
65;95665;1015;10
66;95666;1016;8
67;95667;1017;7
68;95668;1018;6
69;95669;1019;10
70;95670;1020;8
71;95671;1021;9
72;95672;1022;10
73;95673;1023;10
74;95674;1024;5
75;95675;1025;10
76;95676;1026;10
77;95677;1027;9
78;95678;1028;10
79;95679;1029;5
80;95680;1030;7
81;95681;1031;10
82;95682;1032;10
83;95683;1033;7
84;95684;1034;5
85;95685;1035;10
86;95686;1036;9
87;95687;1037;8
88;95688;1038;10
89;95689;1039;9
90;95690;1040;5
91;95691;1041;8
92;95692;1042;7
93;95693;1043;10
94;95694;1044;6
95;95695;1045;8
96;95696;1046;9
97;95697;1047;5
98;95698;1048;7
99;95699;1049;8
100;95700;1050;8
101;95701;1001;6
102;95702;1002;9
103;95703;1003;5
104;95704;1004;6
105;95705;1005;9
106;95706;1006;10
107;95707;1007;10
108;95708;1008;9
109;95709;1009;5
110;95710;1010;9
111;95711;1011;7
112;95712;1012;8
113;95713;1013;8
114;95714;1014;9
115;95715;1015;6
116;95716;1016;8
117;95717;1017;8
118;95718;1018;6
119;95719;1019;6
120;95720;1020;5
121;95721;1021;5
122;95722;1022;9
123;95723;1023;8
124;95724;1024;7
125;95725;1025;5
126;95726;1026;8
127;95727;1027;9
128;95728;1028;7
129;95729;1029;6
130;95730;1030;6
131;95731;1031;6
132;95732;1032;8
133;95733;1033;10
134;95734;1034;9
135;95735;1035;6
136;95736;1036;5
137;95737;1037;8
138;95738;1038;10
139;95739;1039;8
140;95740;1040;8
141;95741;1041;7
142;95742;1042;9
143;95743;1043;8
144;95744;1044;10
145;95745;1045;9
146;95746;1046;9
147;95747;1047;5
148;95748;1048;8
149;95749;1049;5
150;95750;1050;6
151;95751;1001;8
152;95752;1002;6
153;95753;1003;7
154;95754;1004;5
155;95755;1005;10
156;95756;1006;8
157;95757;1007;10
158;95758;1008;5
159;95759;1009;9
160;95760;1010;7
161;95761;1011;6
162;95762;1012;8
163;95763;1013;6
164;95764;1014;7
165;95765;1015;7
166;95766;1016;9
167;95767;1017;10
168;95768;1018;10
169;95769;1019;7
170;95770;1020;10
171;95771;1021;6
172;95772;1022;7
173;95773;1023;5
174;95774;1024;6
175;95775;1025;8
176;95776;1026;9
177;95777;1027;7
178;95778;1028;5
179;95779;1029;10
180;95780;1030;7
181;95781;1031;6
182;95782;1032;7
183;95783;1033;7
184;95784;1034;8
185;95785;1035;7
186;95786;1036;5
187;95787;1037;10
188;95788;1038;9
189;95789;1039;8
190;95790;1040;5
191;95791;1041;9
192;95792;1042;10
193;95793;1043;7
194;95794;1044;6
195;95795;1045;5
196;95796;1046;7
197;95797;1047;9
198;95798;1048;6
199;95799;1049;8
200;95800;1050;7
1;95801;1001;6
2;95802;1002;5
3;95803;1003;10
4;95804;1004;9
5;95805;1005;6
6;95806;1006;9
7;95807;1007;5
8;95808;1008;5
9;95809;1009;10
10;95810;1010;5
11;95811;1011;8
12;95812;1012;9
13;95813;1013;10
14;95814;1014;7
15;95815;1015;8
16;95816;1016;7
17;95817;1017;9
18;95818;1018;8
19;95819;1019;7
20;95820;1020;10
21;95821;1021;7
22;95822;1022;9
23;95823;1023;6
24;95824;1024;7
25;95825;1025;9
26;95826;1026;5
27;95827;1027;5
28;95828;1028;5
29;95829;1029;6
30;95830;1030;10
31;95831;1031;10
32;95832;1032;5
33;95833;1033;8
34;95834;1034;7
35;95835;1035;9
36;95836;1036;9
37;95837;1037;7
38;95838;1038;8
39;95839;1039;5
40;95840;1040;8
41;95841;1041;9
42;95842;1042;9
43;95843;1043;5
44;95844;1044;6
45;95845;1045;6
46;95846;1046;6
47;95847;1047;10
48;95848;1048;5
49;95849;1049;5
50;95850;1050;5
51;95851;1001;6
52;95852;1002;5
53;95853;1003;8
54;95854;1004;10
55;95855;1005;8
56;95856;1006;5
57;95857;1007;5
58;95858;1008;9
59;95859;1009;7
60;95860;1010;8
61;95861;1011;7
62;95862;1012;10
63;95863;1013;8
64;95864;1014;10
65;95865;1015;10
66;95866;1016;10
67;95867;1017;8
68;95868;1018;9
69;95869;1019;8
70;95870;1020;9
71;95871;1021;5
72;95872;1022;9
73;95873;1023;7
74;95874;1024;5
75;95875;1025;9
76;95876;1026;7
77;95877;1027;6
78;95878;1028;8
79;95879;1029;10
80;95880;1030;5
81;95881;1031;8
82;95882;1032;10
83;95883;1033;9
84;95884;1034;7
85;95885;1035;7
86;95886;1036;10
87;95887;1037;10
88;95888;1038;6
89;95889;1039;10
90;95890;1040;9
91;95891;1041;5
92;95892;1042;8
93;95893;1043;10
94;95894;1044;7
95;95895;1045;10
96;95896;1046;9
97;95897;1047;9
98;95898;1048;9
99;95899;1049;5
100;95900;1050;10
101;95901;1001;9
102;95902;1002;8
103;95903;1003;10
104;95904;1004;6
105;95905;1005;5
106;95906;1006;9
107;95907;1007;8
108;95908;1008;5
109;95909;1009;10
110;95910;1010;6
111;95911;1011;6
112;95912;1012;5
113;95913;1013;7
114;95914;1014;5
115;95915;1015;8
116;95916;1016;5
117;95917;1017;7
118;95918;1018;10
119;95919;1019;9
120;95920;1020;8
121;95921;1021;8
122;95922;1022;8
123;95923;1023;5
124;95924;1024;10
125;95925;1025;7
126;95926;1026;5
127;95927;1027;9
128;95928;1028;7
129;95929;1029;10
130;95930;1030;6
131;95931;1031;6
132;95932;1032;5
133;95933;1033;9
134;95934;1034;7
135;95935;1035;8
136;95936;1036;5
137;95937;1037;10
138;95938;1038;6
139;95939;1039;9
140;95940;1040;10
141;95941;1041;9
142;95942;1042;7
143;95943;1043;8
144;95944;1044;8
145;95945;1045;7
146;95946;1046;5
147;95947;1047;5
148;95948;1048;7
149;95949;1049;8
150;95950;1050;8
151;95951;1001;9
152;95952;1002;9
153;95953;1003;10
154;95954;1004;8
155;95955;1005;10
156;95956;1006;8
157;95957;1007;9
158;95958;1008;9
159;95959;1009;10
160;95960;1010;6
161;95961;1011;6
162;95962;1012;7
163;95963;1013;5
164;95964;1014;7
165;95965;1015;9
166;95966;1016;9
167;95967;1017;9
168;95968;1018;7
169;95969;1019;5
170;95970;1020;9
171;95971;1021;10
172;95972;1022;5
173;95973;1023;5
174;95974;1024;8
175;95975;1025;7
176;95976;1026;10
177;95977;1027;8
178;95978;1028;5
179;95979;1029;8
180;95980;1030;5
181;95981;1031;7
182;95982;1032;10
183;95983;1033;10
184;95984;1034;6
185;95985;1035;6
186;95986;1036;9
187;95987;1037;7
188;95988;1038;5
189;95989;1039;10
190;95990;1040;9
191;95991;1041;9
192;95992;1042;10
193;95993;1043;7
194;95994;1044;8
195;95995;1045;5
196;95996;1046;10
197;95997;1047;10
198;95998;1048;10
199;95999;1049;6
200;96000;1050;10
1;96001;1001;8
2;96002;1002;8
3;96003;1003;7
4;96004;1004;10
5;96005;1005;7
6;96006;1006;7
7;96007;1007;10
8;96008;1008;8
9;96009;1009;5
10;96010;1010;5
11;96011;1011;5
12;96012;1012;5
13;96013;1013;9
14;96014;1014;7
15;96015;1015;5
16;96016;1016;8
17;96017;1017;5
18;96018;1018;9
19;96019;1019;5
20;96020;1020;9
21;96021;1021;10
22;96022;1022;9
23;96023;1023;6
24;96024;1024;5
25;96025;1025;7
26;96026;1026;9
27;96027;1027;6
28;96028;1028;8
29;96029;1029;5
30;96030;1030;8
31;96031;1031;6
32;96032;1032;5
33;96033;1033;9
34;96034;1034;5
35;96035;1035;5
36;96036;1036;7
37;96037;1037;6
38;96038;1038;9
39;96039;1039;5
40;96040;1040;10
41;96041;1041;6
42;96042;1042;6
43;96043;1043;9
44;96044;1044;5
45;96045;1045;8
46;96046;1046;6
47;96047;1047;9
48;96048;1048;8
49;96049;1049;5
50;96050;1050;10
51;96051;1001;9
52;96052;1002;5
53;96053;1003;5
54;96054;1004;5
55;96055;1005;8
56;96056;1006;9
57;96057;1007;7
58;96058;1008;9
59;96059;1009;5
60;96060;1010;10
61;96061;1011;6
62;96062;1012;6
63;96063;1013;5
64;96064;1014;8
65;96065;1015;6
66;96066;1016;9
67;96067;1017;9
68;96068;1018;8
69;96069;1019;8
70;96070;1020;7
71;96071;1021;6
72;96072;1022;5
73;96073;1023;6
74;96074;1024;6
75;96075;1025;5
76;96076;1026;5
77;96077;1027;6
78;96078;1028;8
79;96079;1029;6
80;96080;1030;5
81;96081;1031;6
82;96082;1032;7
83;96083;1033;8
84;96084;1034;6
85;96085;1035;5
86;96086;1036;5
87;96087;1037;9
88;96088;1038;7
89;96089;1039;7
90;96090;1040;7
91;96091;1041;8
92;96092;1042;6
93;96093;1043;6
94;96094;1044;10
95;96095;1045;5
96;96096;1046;5
97;96097;1047;7
98;96098;1048;9
99;96099;1049;10
100;96100;1050;9
101;96101;1001;6
102;96102;1002;10
103;96103;1003;9
104;96104;1004;5
105;96105;1005;6
106;96106;1006;9
107;96107;1007;9
108;96108;1008;6
109;96109;1009;10
110;96110;1010;6
111;96111;1011;6
112;96112;1012;7
113;96113;1013;9
114;96114;1014;7
115;96115;1015;5
116;96116;1016;5
117;96117;1017;5
118;96118;1018;9
119;96119;1019;7
120;96120;1020;9
121;96121;1021;7
122;96122;1022;7
123;96123;1023;9
124;96124;1024;8
125;96125;1025;7
126;96126;1026;10
127;96127;1027;8
128;96128;1028;9
129;96129;1029;6
130;96130;1030;7
131;96131;1031;6
132;96132;1032;7
133;96133;1033;7
134;96134;1034;7
135;96135;1035;9
136;96136;1036;6
137;96137;1037;10
138;96138;1038;9
139;96139;1039;10
140;96140;1040;7
141;96141;1041;5
142;96142;1042;7
143;96143;1043;5
144;96144;1044;6
145;96145;1045;6
146;96146;1046;7
147;96147;1047;7
148;96148;1048;5
149;96149;1049;5
150;96150;1050;10
151;96151;1001;9
152;96152;1002;6
153;96153;1003;5
154;96154;1004;9
155;96155;1005;7
156;96156;1006;8
157;96157;1007;7
158;96158;1008;7
159;96159;1009;5
160;96160;1010;10
161;96161;1011;10
162;96162;1012;10
163;96163;1013;5
164;96164;1014;5
165;96165;1015;5
166;96166;1016;6
167;96167;1017;10
168;96168;1018;8
169;96169;1019;5
170;96170;1020;8
171;96171;1021;7
172;96172;1022;8
173;96173;1023;9
174;96174;1024;9
175;96175;1025;10
176;96176;1026;10
177;96177;1027;9
178;96178;1028;7
179;96179;1029;8
180;96180;1030;6
181;96181;1031;6
182;96182;1032;8
183;96183;1033;6
184;96184;1034;8
185;96185;1035;10
186;96186;1036;8
187;96187;1037;7
188;96188;1038;9
189;96189;1039;8
190;96190;1040;6
191;96191;1041;10
192;96192;1042;8
193;96193;1043;9
194;96194;1044;8
195;96195;1045;6
196;96196;1046;10
197;96197;1047;10
198;96198;1048;7
199;96199;1049;6
200;96200;1050;10
1;96201;1001;7
2;96202;1002;7
3;96203;1003;9
4;96204;1004;8
5;96205;1005;7
6;96206;1006;6
7;96207;1007;9
8;96208;1008;5
9;96209;1009;8
10;96210;1010;6
11;96211;1011;9
12;96212;1012;5
13;96213;1013;6
14;96214;1014;7
15;96215;1015;9
16;96216;1016;10
17;96217;1017;5
18;96218;1018;10
19;96219;1019;7
20;96220;1020;9
21;96221;1021;8
22;96222;1022;8
23;96223;1023;7
24;96224;1024;9
25;96225;1025;8
26;96226;1026;8
27;96227;1027;7
28;96228;1028;9
29;96229;1029;7
30;96230;1030;7
31;96231;1031;9
32;96232;1032;7
33;96233;1033;10
34;96234;1034;5
35;96235;1035;6
36;96236;1036;5
37;96237;1037;5
38;96238;1038;5
39;96239;1039;7
40;96240;1040;5
41;96241;1041;5
42;96242;1042;6
43;96243;1043;9
44;96244;1044;10
45;96245;1045;6
46;96246;1046;7
47;96247;1047;7
48;96248;1048;9
49;96249;1049;7
50;96250;1050;10
51;96251;1001;10
52;96252;1002;6
53;96253;1003;6
54;96254;1004;7
55;96255;1005;10
56;96256;1006;7
57;96257;1007;7
58;96258;1008;9
59;96259;1009;8
60;96260;1010;6
61;96261;1011;5
62;96262;1012;6
63;96263;1013;9
64;96264;1014;5
65;96265;1015;9
66;96266;1016;10
67;96267;1017;5
68;96268;1018;7
69;96269;1019;10
70;96270;1020;6
71;96271;1021;6
72;96272;1022;6
73;96273;1023;10
74;96274;1024;7
75;96275;1025;10
76;96276;1026;10
77;96277;1027;8
78;96278;1028;8
79;96279;1029;7
80;96280;1030;9
81;96281;1031;10
82;96282;1032;7
83;96283;1033;5
84;96284;1034;8
85;96285;1035;8
86;96286;1036;9
87;96287;1037;5
88;96288;1038;10
89;96289;1039;5
90;96290;1040;10
91;96291;1041;8
92;96292;1042;9
93;96293;1043;5
94;96294;1044;7
95;96295;1045;8
96;96296;1046;6
97;96297;1047;6
98;96298;1048;8
99;96299;1049;10
100;96300;1050;10
101;96301;1001;7
102;96302;1002;6
103;96303;1003;8
104;96304;1004;5
105;96305;1005;5
106;96306;1006;7
107;96307;1007;7
108;96308;1008;5
109;96309;1009;5
110;96310;1010;6
111;96311;1011;10
112;96312;1012;7
113;96313;1013;8
114;96314;1014;9
115;96315;1015;9
116;96316;1016;10
117;96317;1017;10
118;96318;1018;8
119;96319;1019;9
120;96320;1020;10
121;96321;1021;9
122;96322;1022;7
123;96323;1023;5
124;96324;1024;8
125;96325;1025;5
126;96326;1026;7
127;96327;1027;7
128;96328;1028;8
129;96329;1029;5
130;96330;1030;5
131;96331;1031;9
132;96332;1032;9
133;96333;1033;6
134;96334;1034;6
135;96335;1035;5
136;96336;1036;10
137;96337;1037;10
138;96338;1038;8
139;96339;1039;6
140;96340;1040;9
141;96341;1041;10
142;96342;1042;10
143;96343;1043;5
144;96344;1044;6
145;96345;1045;10
146;96346;1046;6
147;96347;1047;9
148;96348;1048;7
149;96349;1049;9
150;96350;1050;5
151;96351;1001;9
152;96352;1002;5
153;96353;1003;8
154;96354;1004;6
155;96355;1005;8
156;96356;1006;10
157;96357;1007;6
158;96358;1008;6
159;96359;1009;7
160;96360;1010;9
161;96361;1011;10
162;96362;1012;6
163;96363;1013;7
164;96364;1014;5
165;96365;1015;5
166;96366;1016;10
167;96367;1017;7
168;96368;1018;7
169;96369;1019;9
170;96370;1020;6
171;96371;1021;8
172;96372;1022;8
173;96373;1023;6
174;96374;1024;7
175;96375;1025;6
176;96376;1026;7
177;96377;1027;7
178;96378;1028;10
179;96379;1029;6
180;96380;1030;5
181;96381;1031;9
182;96382;1032;6
183;96383;1033;7
184;96384;1034;10
185;96385;1035;10
186;96386;1036;10
187;96387;1037;10
188;96388;1038;5
189;96389;1039;5
190;96390;1040;10
191;96391;1041;9
192;96392;1042;9
193;96393;1043;9
194;96394;1044;8
195;96395;1045;8
196;96396;1046;10
197;96397;1047;5
198;96398;1048;7
199;96399;1049;5
200;96400;1050;8
1;96401;1001;5
2;96402;1002;6
3;96403;1003;6
4;96404;1004;10
5;96405;1005;9
6;96406;1006;6
7;96407;1007;10
8;96408;1008;9
9;96409;1009;10
10;96410;1010;6
11;96411;1011;10
12;96412;1012;6
13;96413;1013;9
14;96414;1014;6
15;96415;1015;6
16;96416;1016;5
17;96417;1017;6
18;96418;1018;10
19;96419;1019;9
20;96420;1020;5
21;96421;1021;10
22;96422;1022;6
23;96423;1023;5
24;96424;1024;5
25;96425;1025;8
26;96426;1026;9
27;96427;1027;9
28;96428;1028;5
29;96429;1029;8
30;96430;1030;6
31;96431;1031;10
32;96432;1032;8
33;96433;1033;6
34;96434;1034;7
35;96435;1035;6
36;96436;1036;5
37;96437;1037;9
38;96438;1038;8
39;96439;1039;8
40;96440;1040;9
41;96441;1041;6
42;96442;1042;8
43;96443;1043;7
44;96444;1044;8
45;96445;1045;10
46;96446;1046;8
47;96447;1047;8
48;96448;1048;9
49;96449;1049;8
50;96450;1050;8
51;96451;1001;5
52;96452;1002;6
53;96453;1003;9
54;96454;1004;8
55;96455;1005;7
56;96456;1006;5
57;96457;1007;10
58;96458;1008;9
59;96459;1009;10
60;96460;1010;8
61;96461;1011;10
62;96462;1012;8
63;96463;1013;10
64;96464;1014;6
65;96465;1015;9
66;96466;1016;7
67;96467;1017;10
68;96468;1018;8
69;96469;1019;7
70;96470;1020;6
71;96471;1021;10
72;96472;1022;10
73;96473;1023;7
74;96474;1024;9
75;96475;1025;8
76;96476;1026;6
77;96477;1027;7
78;96478;1028;5
79;96479;1029;7
80;96480;1030;10
81;96481;1031;10
82;96482;1032;7
83;96483;1033;5
84;96484;1034;9
85;96485;1035;5
86;96486;1036;7
87;96487;1037;7
88;96488;1038;6
89;96489;1039;6
90;96490;1040;8
91;96491;1041;10
92;96492;1042;9
93;96493;1043;10
94;96494;1044;7
95;96495;1045;8
96;96496;1046;6
97;96497;1047;6
98;96498;1048;5
99;96499;1049;7
100;96500;1050;6
101;96501;1001;6
102;96502;1002;9
103;96503;1003;8
104;96504;1004;8
105;96505;1005;6
106;96506;1006;9
107;96507;1007;10
108;96508;1008;10
109;96509;1009;7
110;96510;1010;7
111;96511;1011;10
112;96512;1012;9
113;96513;1013;5
114;96514;1014;10
115;96515;1015;10
116;96516;1016;9
117;96517;1017;7
118;96518;1018;10
119;96519;1019;5
120;96520;1020;7
121;96521;1021;6
122;96522;1022;6
123;96523;1023;8
124;96524;1024;9
125;96525;1025;8
126;96526;1026;8
127;96527;1027;8
128;96528;1028;6
129;96529;1029;8
130;96530;1030;10
131;96531;1031;8
132;96532;1032;8
133;96533;1033;8
134;96534;1034;6
135;96535;1035;5
136;96536;1036;5
137;96537;1037;6
138;96538;1038;10
139;96539;1039;8
140;96540;1040;5
141;96541;1041;9
142;96542;1042;10
143;96543;1043;5
144;96544;1044;9
145;96545;1045;6
146;96546;1046;9
147;96547;1047;7
148;96548;1048;7
149;96549;1049;6
150;96550;1050;10
151;96551;1001;5
152;96552;1002;5
153;96553;1003;7
154;96554;1004;8
155;96555;1005;8
156;96556;1006;5
157;96557;1007;10
158;96558;1008;10
159;96559;1009;9
160;96560;1010;6
161;96561;1011;9
162;96562;1012;5
163;96563;1013;6
164;96564;1014;9
165;96565;1015;9
166;96566;1016;5
167;96567;1017;10
168;96568;1018;9
169;96569;1019;6
170;96570;1020;8
171;96571;1021;7
172;96572;1022;7
173;96573;1023;7
174;96574;1024;10
175;96575;1025;9
176;96576;1026;10
177;96577;1027;5
178;96578;1028;10
179;96579;1029;9
180;96580;1030;5
181;96581;1031;9
182;96582;1032;9
183;96583;1033;6
184;96584;1034;7
185;96585;1035;8
186;96586;1036;9
187;96587;1037;5
188;96588;1038;7
189;96589;1039;9
190;96590;1040;8
191;96591;1041;7
192;96592;1042;9
193;96593;1043;10
194;96594;1044;6
195;96595;1045;7
196;96596;1046;8
197;96597;1047;8
198;96598;1048;5
199;96599;1049;10
200;96600;1050;10
1;96601;1001;5
2;96602;1002;5
3;96603;1003;10
4;96604;1004;7
5;96605;1005;5
6;96606;1006;6
7;96607;1007;10
8;96608;1008;6
9;96609;1009;8
10;96610;1010;7
11;96611;1011;10
12;96612;1012;8
13;96613;1013;7
14;96614;1014;5
15;96615;1015;7
16;96616;1016;5
17;96617;1017;7
18;96618;1018;8
19;96619;1019;7
20;96620;1020;7
21;96621;1021;9
22;96622;1022;8
23;96623;1023;9
24;96624;1024;6
25;96625;1025;9
26;96626;1026;10
27;96627;1027;5
28;96628;1028;6
29;96629;1029;6
30;96630;1030;7
31;96631;1031;7
32;96632;1032;9
33;96633;1033;7
34;96634;1034;7
35;96635;1035;9
36;96636;1036;8
37;96637;1037;6
38;96638;1038;6
39;96639;1039;5
40;96640;1040;5
41;96641;1041;8
42;96642;1042;9
43;96643;1043;8
44;96644;1044;8
45;96645;1045;6
46;96646;1046;9
47;96647;1047;8
48;96648;1048;5
49;96649;1049;10
50;96650;1050;9
51;96651;1001;10
52;96652;1002;5
53;96653;1003;10
54;96654;1004;9
55;96655;1005;9
56;96656;1006;5
57;96657;1007;8
58;96658;1008;7
59;96659;1009;5
60;96660;1010;6
61;96661;1011;9
62;96662;1012;8
63;96663;1013;7
64;96664;1014;10
65;96665;1015;5
66;96666;1016;10
67;96667;1017;5
68;96668;1018;10
69;96669;1019;5
70;96670;1020;8
71;96671;1021;10
72;96672;1022;6
73;96673;1023;8
74;96674;1024;10
75;96675;1025;5
76;96676;1026;8
77;96677;1027;6
78;96678;1028;5
79;96679;1029;8
80;96680;1030;5
81;96681;1031;5
82;96682;1032;9
83;96683;1033;7
84;96684;1034;8
85;96685;1035;8
86;96686;1036;8
87;96687;1037;8
88;96688;1038;9
89;96689;1039;9
90;96690;1040;6
91;96691;1041;9
92;96692;1042;7
93;96693;1043;5
94;96694;1044;9
95;96695;1045;8
96;96696;1046;8
97;96697;1047;8
98;96698;1048;10
99;96699;1049;9
100;96700;1050;7
101;96701;1001;7
102;96702;1002;5
103;96703;1003;9
104;96704;1004;6
105;96705;1005;6
106;96706;1006;5
107;96707;1007;6
108;96708;1008;9
109;96709;1009;8
110;96710;1010;7
111;96711;1011;9
112;96712;1012;6
113;96713;1013;10
114;96714;1014;9
115;96715;1015;10
116;96716;1016;9
117;96717;1017;9
118;96718;1018;6
119;96719;1019;6
120;96720;1020;8
121;96721;1021;6
122;96722;1022;8
123;96723;1023;6
124;96724;1024;7
125;96725;1025;5
126;96726;1026;5
127;96727;1027;6
128;96728;1028;5
129;96729;1029;5
130;96730;1030;9
131;96731;1031;10
132;96732;1032;7
133;96733;1033;6
134;96734;1034;10
135;96735;1035;8
136;96736;1036;5
137;96737;1037;7
138;96738;1038;10
139;96739;1039;8
140;96740;1040;8
141;96741;1041;10
142;96742;1042;5
143;96743;1043;7
144;96744;1044;9
145;96745;1045;5
146;96746;1046;7
147;96747;1047;7
148;96748;1048;8
149;96749;1049;7
150;96750;1050;5
151;96751;1001;6
152;96752;1002;5
153;96753;1003;8
154;96754;1004;9
155;96755;1005;6
156;96756;1006;9
157;96757;1007;10
158;96758;1008;5
159;96759;1009;7
160;96760;1010;7
161;96761;1011;8
162;96762;1012;10
163;96763;1013;5
164;96764;1014;9
165;96765;1015;6
166;96766;1016;9
167;96767;1017;7
168;96768;1018;6
169;96769;1019;9
170;96770;1020;8
171;96771;1021;5
172;96772;1022;10
173;96773;1023;6
174;96774;1024;10
175;96775;1025;5
176;96776;1026;9
177;96777;1027;5
178;96778;1028;8
179;96779;1029;8
180;96780;1030;9
181;96781;1031;7
182;96782;1032;10
183;96783;1033;5
184;96784;1034;8
185;96785;1035;6
186;96786;1036;9
187;96787;1037;7
188;96788;1038;6
189;96789;1039;9
190;96790;1040;8
191;96791;1041;7
192;96792;1042;5
193;96793;1043;5
194;96794;1044;7
195;96795;1045;9
196;96796;1046;10
197;96797;1047;5
198;96798;1048;8
199;96799;1049;8
200;96800;1050;5
1;96801;1001;9
2;96802;1002;5
3;96803;1003;8
4;96804;1004;10
5;96805;1005;7
6;96806;1006;5
7;96807;1007;9
8;96808;1008;8
9;96809;1009;9
10;96810;1010;7
11;96811;1011;10
12;96812;1012;10
13;96813;1013;5
14;96814;1014;7
15;96815;1015;10
16;96816;1016;8
17;96817;1017;5
18;96818;1018;8
19;96819;1019;6
20;96820;1020;5
21;96821;1021;8
22;96822;1022;5
23;96823;1023;5
24;96824;1024;5
25;96825;1025;8
26;96826;1026;6
27;96827;1027;10
28;96828;1028;8
29;96829;1029;5
30;96830;1030;10
31;96831;1031;8
32;96832;1032;7
33;96833;1033;9
34;96834;1034;5
35;96835;1035;7
36;96836;1036;6
37;96837;1037;6
38;96838;1038;10
39;96839;1039;9
40;96840;1040;6
41;96841;1041;5
42;96842;1042;7
43;96843;1043;8
44;96844;1044;8
45;96845;1045;9
46;96846;1046;6
47;96847;1047;7
48;96848;1048;10
49;96849;1049;5
50;96850;1050;9
51;96851;1001;6
52;96852;1002;8
53;96853;1003;9
54;96854;1004;10
55;96855;1005;9
56;96856;1006;10
57;96857;1007;6
58;96858;1008;9
59;96859;1009;8
60;96860;1010;7
61;96861;1011;9
62;96862;1012;9
63;96863;1013;6
64;96864;1014;7
65;96865;1015;5
66;96866;1016;5
67;96867;1017;7
68;96868;1018;8
69;96869;1019;6
70;96870;1020;7
71;96871;1021;9
72;96872;1022;6
73;96873;1023;8
74;96874;1024;6
75;96875;1025;10
76;96876;1026;7
77;96877;1027;8
78;96878;1028;6
79;96879;1029;9
80;96880;1030;5
81;96881;1031;10
82;96882;1032;5
83;96883;1033;8
84;96884;1034;6
85;96885;1035;6
86;96886;1036;7
87;96887;1037;7
88;96888;1038;10
89;96889;1039;10
90;96890;1040;5
91;96891;1041;10
92;96892;1042;10
93;96893;1043;9
94;96894;1044;8
95;96895;1045;6
96;96896;1046;7
97;96897;1047;9
98;96898;1048;8
99;96899;1049;6
100;96900;1050;7
101;96901;1001;9
102;96902;1002;7
103;96903;1003;9
104;96904;1004;6
105;96905;1005;5
106;96906;1006;9
107;96907;1007;6
108;96908;1008;5
109;96909;1009;7
110;96910;1010;6
111;96911;1011;8
112;96912;1012;9
113;96913;1013;10
114;96914;1014;8
115;96915;1015;10
116;96916;1016;5
117;96917;1017;5
118;96918;1018;9
119;96919;1019;8
120;96920;1020;7
121;96921;1021;5
122;96922;1022;10
123;96923;1023;7
124;96924;1024;7
125;96925;1025;10
126;96926;1026;6
127;96927;1027;8
128;96928;1028;6
129;96929;1029;10
130;96930;1030;7
131;96931;1031;5
132;96932;1032;8
133;96933;1033;7
134;96934;1034;7
135;96935;1035;6
136;96936;1036;8
137;96937;1037;9
138;96938;1038;8
139;96939;1039;7
140;96940;1040;9
141;96941;1041;8
142;96942;1042;9
143;96943;1043;9
144;96944;1044;8
145;96945;1045;5
146;96946;1046;9
147;96947;1047;8
148;96948;1048;10
149;96949;1049;10
150;96950;1050;5
151;96951;1001;7
152;96952;1002;7
153;96953;1003;10
154;96954;1004;6
155;96955;1005;9
156;96956;1006;5
157;96957;1007;5
158;96958;1008;9
159;96959;1009;7
160;96960;1010;9
161;96961;1011;10
162;96962;1012;9
163;96963;1013;8
164;96964;1014;6
165;96965;1015;7
166;96966;1016;6
167;96967;1017;7
168;96968;1018;6
169;96969;1019;9
170;96970;1020;8
171;96971;1021;7
172;96972;1022;6
173;96973;1023;7
174;96974;1024;6
175;96975;1025;5
176;96976;1026;8
177;96977;1027;5
178;96978;1028;9
179;96979;1029;7
180;96980;1030;8
181;96981;1031;7
182;96982;1032;10
183;96983;1033;6
184;96984;1034;7
185;96985;1035;7
186;96986;1036;10
187;96987;1037;7
188;96988;1038;6
189;96989;1039;9
190;96990;1040;7
191;96991;1041;9
192;96992;1042;6
193;96993;1043;6
194;96994;1044;9
195;96995;1045;9
196;96996;1046;10
197;96997;1047;8
198;96998;1048;10
199;96999;1049;9
200;97000;1050;5
